bet_id,placed_at_utc,market_ticker,event_ticker,target_date,side,stake_usd,entry_price,prob_model,prob_market_implied,edge,method,spec,resolved_at_utc,resolution,pnl_usd,algo_signal
20260510T171217Z000000,2026-05-10T17:12:17Z,KXLOWTNYC-26MAY11-B50.5,KXLOWTNYC-26MAY11,2026-05-11,NO,100.0,0.36,0.146,0.36,-0.214,ensemble,NYC daily low temp 50.0-51.0F (bin B50.5),2026-05-12T12:46:16Z,no,56.16,bet
20260512T142701Z000000,2026-05-12T14:27:01Z,KXLOWTNYC-26MAY13-B51.5,KXLOWTNYC-26MAY13,2026-05-13,NO,100.0,0.345,0.14000464447021674,0.345,-0.20499535552978324,ensemble,51.0 <= temp_min <= 52.0 @ NYC on 2026-05-13,2026-05-14T12:32:29Z,no,52.44,bet
20260513T142925Z000000,2026-05-13T14:29:25Z,KXLOWTNYC-26MAY14-B52.5,KXLOWTNYC-26MAY14,2026-05-14,NO,100.0,0.32,0.1406617805329034,0.32,-0.1793382194670966,ensemble,52.0 <= temp_min <= 53.0 @ NYC on 2026-05-14,2026-05-15T19:38:23Z,yes,-99.96,bet
20260514T194540Z000000,2026-05-14T19:45:40Z,KXLOWTNYC-26MAY15-B49.5,KXLOWTNYC-26MAY15,2026-05-15,NO,100.0,0.345,0.14912467855229594,0.345,-0.19587532144770403,ensemble,49.0 <= temp_min <= 50.0 @ NYC on 2026-05-15,2026-05-16T19:04:16Z,yes,-99.56,bet
20260515T193826Z000000,2026-05-15T19:38:26Z,KXLOWTNYC-26MAY16-B53.5,KXLOWTNYC-26MAY16,2026-05-16,NO,100.0,0.395,0.16838613251205714,0.395,-0.22661386748794288,ensemble,53.0 <= temp_min <= 54.0 @ NYC on 2026-05-16,2026-05-17T19:09:33Z,no,65.17,bet
20260516T190419Z000000,2026-05-16T19:04:19Z,KXLOWTNYC-26MAY17-B64.5,KXLOWTNYC-26MAY17,2026-05-17,NO,100.0,0.355,0.08372261534954382,0.355,-0.27127738465045614,ensemble,64.0 <= temp_min <= 65.0 @ NYC on 2026-05-17,2026-05-18T19:44:38Z,no,55.02,bet
20260518T194440Z000000,2026-05-18T19:44:41Z,KXLOWTNYC-26MAY19-B71.5,KXLOWTNYC-26MAY19,2026-05-19,NO,51.46,0.4,0.062175656463315604,0.4,-0.33782434353668445,ensemble,71.0 <= temp_min <= 72.0 @ NYC on 2026-05-19,2026-05-21T09:57:08Z,no,34.0,bet
20260518T194441Z000000,2026-05-18T19:44:41Z,KXLOWTNYC-26MAY19-B69.5,KXLOWTNYC-26MAY19,2026-05-19,NO,10.3,0.14500000000000002,0.07639886194158091,0.14500000000000002,-0.06860113805841911,ensemble,69.0 <= temp_min <= 70.0 @ NYC on 2026-05-19,2026-05-21T09:57:08Z,no,1.74,bet
20260518T194442Z000000,2026-05-18T19:44:49Z,KXLOWTLAX-26MAY19-B57.5,KXLOWTLAX-26MAY19,2026-05-19,NO,41.17,0.45499999999999996,0.25588235427074457,0.45499999999999996,-0.1991176457292554,ensemble,57.0 <= temp_min <= 58.0 @ LOSANGELES on 2026-05-19,2026-05-21T09:57:08Z,yes,-40.88,bet
20260521T195336Z307392,2026-05-21T19:53:36Z,KXLOWTNYC-26MAY22-B53.5,KXLOWTNYC-26MAY22,2026-05-22,NO,20.48,0.295,0.1667346738674547,0.295,-0.1282653261325453,ensemble,53.0 <= temp_min <= 54.0 @ NYC on 2026-05-22,2026-05-23T19:10:08Z,no,8.55,bet
20260521T195336Z943919,2026-05-21T19:53:37Z,KXLOWTNYC-26MAY22-B51.5,KXLOWTNYC-26MAY22,2026-05-22,NO,20.48,0.215,0.0992686054023704,0.215,-0.1157313945976296,ensemble,51.0 <= temp_min <= 52.0 @ NYC on 2026-05-22,2026-05-23T19:10:08Z,no,5.59,bet
20260521T195337Z992141,2026-05-21T19:53:45Z,KXLOWTLAX-26MAY22-B61.5,KXLOWTLAX-26MAY22,2026-05-22,YES,4.93,0.10500000000000001,0.26897783810932624,0.10500000000000001,0.16397783810932623,ensemble,61.0 <= temp_min <= 62.0 @ LOSANGELES on 2026-05-22,2026-05-23T19:10:08Z,no,-4.83,bet
20260521T195345Z466470,2026-05-21T19:53:52Z,KXLOWTLAX-26MAY22-B57.5,KXLOWTLAX-26MAY22,2026-05-22,NO,20.48,0.33,0.19405912919663593,0.33,-0.1359408708033641,ensemble,57.0 <= temp_min <= 58.0 @ LOSANGELES on 2026-05-22,2026-05-23T19:10:08Z,no,9.9,bet
20260521T195352Z841129,2026-05-21T19:54:00Z,KXLOWTLAX-26MAY22-B59.5,KXLOWTLAX-26MAY22,2026-05-22,NO,17.44,0.44,0.3864704831702966,0.44,-0.053529516829703416,ensemble,59.0 <= temp_min <= 60.0 @ LOSANGELES on 2026-05-22,2026-05-23T19:10:08Z,yes,-17.36,bet
20260521T195401Z064038,2026-05-21T19:54:01Z,KXLOWTSFO-26MAY22-B53.5,KXLOWTSFO-26MAY22,2026-05-22,YES,13.13,0.15,0.44054596883538066,0.15,0.29054596883538064,ensemble,53.0 <= temp_min <= 54.0 @ SANFRANCISCO on 2026-05-22,2026-05-23T19:10:08Z,no,-13.05,bet
20260521T195401Z631052,2026-05-21T19:54:01Z,KXLOWTSFO-26MAY22-B47.5,KXLOWTSFO-26MAY22,2026-05-22,NO,20.48,0.075,0.011639712382188971,0.075,-0.06336028761781103,ensemble,47.0 <= temp_min <= 48.0 @ SANFRANCISCO on 2026-05-22,2026-05-23T19:10:08Z,no,1.65,bet
20260521T195402Z591357,2026-05-21T19:54:10Z,KXLOWTCHI-26MAY22-B50.5,KXLOWTCHI-26MAY22,2026-05-22,NO,20.48,0.275,0.16403301805306766,0.275,-0.11096698194693236,ensemble,50.0 <= temp_min <= 51.0 @ CHICAGO on 2026-05-22,2026-05-23T19:10:09Z,no,7.7,bet
20260521T195410Z066356,2026-05-21T19:54:17Z,KXLOWTCHI-26MAY22-B46.5,KXLOWTCHI-26MAY22,2026-05-22,YES,0.47,0.03,0.08938794499447587,0.03,0.059387944994475875,ensemble,46.0 <= temp_min <= 47.0 @ CHICAGO on 2026-05-22,2026-05-23T19:10:09Z,no,-0.45,bet
20260521T195503Z458615,2026-05-21T19:55:04Z,KXLOWTMIA-26MAY22-B76.5,KXLOWTMIA-26MAY22,2026-05-22,NO,20.48,0.395,0.17293018879195593,0.395,-0.2220698112080441,ensemble,76.0 <= temp_min <= 77.0 @ MIAMI on 2026-05-22,2026-05-23T19:10:09Z,no,13.04,bet
20260521T195504Z121891,2026-05-21T19:55:04Z,KXLOWTMIA-26MAY22-B80.5,KXLOWTMIA-26MAY22,2026-05-22,YES,4.77,0.09,0.2782870545018297,0.09,0.18828705450182973,ensemble,80.0 <= temp_min <= 81.0 @ MIAMI on 2026-05-22,2026-05-23T19:10:09Z,no,-4.68,bet
20260521T195504Z267217,2026-05-21T19:55:04Z,KXLOWTMIA-26MAY22-B78.5,KXLOWTMIA-26MAY22,2026-05-22,NO,20.48,0.43,0.36219651713648654,0.43,-0.06780348286351345,ensemble,78.0 <= temp_min <= 79.0 @ MIAMI on 2026-05-22,2026-05-23T19:10:09Z,yes,-19.95,bet
20260521T195548Z286506,2026-05-21T19:56:03Z,KXLOWTPHX-26MAY22-B65.5,KXLOWTPHX-26MAY22,2026-05-22,YES,0.88,0.05,0.11503842046706102,0.05,0.06503842046706101,ensemble,65.0 <= temp_min <= 66.0 @ PHOENIX on 2026-05-22,2026-05-23T19:10:09Z,no,-0.85,bet
20260521T195604Z584353,2026-05-21T19:56:05Z,KXLOWTDEN-26MAY22-B39.5,KXLOWTDEN-26MAY22,2026-05-22,NO,20.48,0.265,0.14053904972842418,0.265,-0.12446095027157583,ensemble,39.0 <= temp_min <= 40.0 @ DENVER on 2026-05-22,2026-05-23T19:10:09Z,no,7.16,bet
20260521T195605Z133846,2026-05-21T19:56:05Z,KXLOWTDEN-26MAY22-B45.5,KXLOWTDEN-26MAY22,2026-05-22,YES,0.84,0.045,0.11434511721821433,0.045,0.06934511721821433,ensemble,45.0 <= temp_min <= 46.0 @ DENVER on 2026-05-22,2026-05-23T19:10:10Z,no,-0.81,bet
20260521T195605Z285754,2026-05-21T19:56:05Z,KXLOWTDEN-26MAY22-B43.5,KXLOWTDEN-26MAY22,2026-05-22,YES,1.27,0.07,0.13612378900399943,0.07,0.06612378900399943,ensemble,43.0 <= temp_min <= 44.0 @ DENVER on 2026-05-22,2026-05-23T19:10:10Z,no,-1.26,bet
20260521T195649Z298884,2026-05-21T19:57:04Z,KXLOWTSEA-26MAY22-B48.5,KXLOWTSEA-26MAY22,2026-05-22,YES,3.61,0.065,0.26800500990572745,0.065,0.20300500990572745,ensemble,48.0 <= temp_min <= 49.0 @ SEATTLE on 2026-05-22,2026-05-23T19:10:10Z,no,-3.58,bet
20260521T195704Z842583,2026-05-21T19:57:04Z,KXHIGHTSFO-26MAY22-B68.5,KXHIGHTSFO-26MAY22,2026-05-22,NO,20.48,0.305,0.10108632511162109,0.305,-0.20391367488837892,ensemble,68.0 <= temp_max <= 69.0 @ SANFRANCISCO on 2026-05-22,2026-05-23T19:10:10Z,yes,-20.16,bet
20260521T195704Z989887,2026-05-21T19:57:05Z,KXHIGHTSFO-26MAY22-B70.5,KXHIGHTSFO-26MAY22,2026-05-22,NO,20.48,0.275,0.0956945831522221,0.275,-0.17930541684777793,ensemble,70.0 <= temp_max <= 71.0 @ SANFRANCISCO on 2026-05-22,2026-05-23T19:10:10Z,no,7.7,bet
20260521T195705Z138565,2026-05-21T19:57:05Z,KXHIGHTSFO-26MAY22-B72.5,KXHIGHTSFO-26MAY22,2026-05-22,NO,20.48,0.14500000000000002,0.0896933233498841,0.14500000000000002,-0.05530667665011592,ensemble,72.0 <= temp_max <= 73.0 @ SANFRANCISCO on 2026-05-22,2026-05-23T19:10:10Z,no,3.34,bet
20260521T195706Z312032,2026-05-21T19:57:07Z,KXHIGHTBOS-26MAY22-B62.5,KXHIGHTBOS-26MAY22,2026-05-22,NO,20.48,0.225,0.11938215348876202,0.225,-0.10561784651123798,ensemble,62.0 <= temp_max <= 63.0 @ BOSTON on 2026-05-22,2026-05-23T19:10:10Z,no,5.85,bet
20260521T195707Z408163,2026-05-21T19:57:14Z,KXHIGHTPHX-26MAY22-B96.5,KXHIGHTPHX-26MAY22,2026-05-22,NO,14.14,0.59,0.1566035236692006,0.59,-0.43339647633079936,ensemble,96.0 <= temp_max <= 97.0 @ PHOENIX on 2026-05-22,2026-05-23T19:10:10Z,no,20.06,bet
20260523T191016Z720221,2026-05-23T19:10:18Z,KXLOWTNYC-26MAY24-B50.5,KXLOWTNYC-26MAY24,2026-05-24,NO,20.55,0.375,0.16168294782474998,0.375,-0.21331705217525002,ensemble,50.0 <= temp_min <= 51.0 @ NYC on 2026-05-24,2026-05-25T19:39:11Z,yes,-20.0,bet
20260523T191018Z231601,2026-05-23T19:10:18Z,KXLOWTNYC-26MAY24-B52.5,KXLOWTNYC-26MAY24,2026-05-24,NO,20.55,0.345,0.1980471597714209,0.345,-0.14695284022857907,ensemble,52.0 <= temp_min <= 53.0 @ NYC on 2026-05-24,2026-05-25T19:39:12Z,no,10.7,bet
20260523T191018Z344019,2026-05-23T19:10:18Z,KXLOWTNYC-26MAY24-B54.5,KXLOWTNYC-26MAY24,2026-05-24,YES,2.75,0.10500000000000001,0.19614243220700242,0.10500000000000001,0.09114243220700241,ensemble,54.0 <= temp_min <= 55.0 @ NYC on 2026-05-24,2026-05-25T19:39:12Z,no,-2.73,bet
20260523T191106Z119415,2026-05-23T19:11:06Z,KXLOWTCHI-26MAY24-B56.5,KXLOWTCHI-26MAY24,2026-05-24,NO,20.55,0.275,0.12516381825620382,0.275,-0.1498361817437962,ensemble,56.0 <= temp_min <= 57.0 @ CHICAGO on 2026-05-24,2026-05-25T19:39:12Z,no,7.7,bet
20260523T191106Z835073,2026-05-23T19:11:06Z,KXLOWTCHI-26MAY24-B54.5,KXLOWTCHI-26MAY24,2026-05-24,NO,20.55,0.175,0.09560843399383619,0.175,-0.0793915660061638,ensemble,54.0 <= temp_min <= 55.0 @ CHICAGO on 2026-05-24,2026-05-25T19:39:12Z,no,4.2,bet
20260523T191151Z999740,2026-05-23T19:12:03Z,KXLOWTDC-26MAY24-B58.5,KXLOWTDC-26MAY24,2026-05-24,YES,2.01,0.055,0.18961551247522726,0.055,0.13461551247522727,ensemble,58.0 <= temp_min <= 59.0 @ WASHINGTON on 2026-05-24,2026-05-25T19:39:12Z,no,-1.98,bet
20260523T191203Z788604,2026-05-23T19:12:03Z,KXLOWTDC-26MAY24-B54.5,KXLOWTDC-26MAY24,2026-05-24,NO,20.55,0.42000000000000004,0.20042309369254,0.42000000000000004,-0.21957690630746005,ensemble,54.0 <= temp_min <= 55.0 @ WASHINGTON on 2026-05-24,2026-05-25T19:39:12Z,yes,-20.3,bet
20260523T191203Z904635,2026-05-23T19:12:04Z,KXLOWTDC-26MAY24-B52.5,KXLOWTDC-26MAY24,2026-05-24,NO,20.55,0.325,0.1508423378780393,0.325,-0.1741576621219607,ensemble,52.0 <= temp_min <= 53.0 @ WASHINGTON on 2026-05-24,2026-05-25T19:39:12Z,no,9.75,bet
20260523T191205Z050578,2026-05-23T19:12:12Z,KXLOWTBOS-26MAY24-B49.5,KXLOWTBOS-26MAY24,2026-05-24,NO,20.55,0.37,0.1747736359110954,0.37,-0.1952263640889046,ensemble,49.0 <= temp_min <= 50.0 @ BOSTON on 2026-05-24,2026-05-25T19:39:13Z,no,11.84,bet
20260523T191212Z747279,2026-05-23T19:12:20Z,KXLOWTBOS-26MAY24-B47.5,KXLOWTBOS-26MAY24,2026-05-24,NO,20.55,0.225,0.12467387341986451,0.225,-0.1003261265801355,ensemble,47.0 <= temp_min <= 48.0 @ BOSTON on 2026-05-24,2026-05-25T19:39:13Z,no,5.85,bet
20260523T191302Z162525,2026-05-23T19:13:02Z,KXLOWTMIA-26MAY24-B78.5,KXLOWTMIA-26MAY24,2026-05-24,NO,20.55,0.525,0.29994434270742815,0.525,-0.22505565729257188,ensemble,78.0 <= temp_min <= 79.0 @ MIAMI on 2026-05-24,2026-05-25T19:39:13Z,yes,-20.43,bet
20260523T191302Z896196,2026-05-23T19:13:03Z,KXLOWTMIA-26MAY24-B76.5,KXLOWTMIA-26MAY24,2026-05-24,YES,3.59,0.12,0.19108074007231576,0.12,0.07108074007231577,ensemble,76.0 <= temp_min <= 77.0 @ MIAMI on 2026-05-24,2026-05-25T19:39:13Z,no,-3.48,bet
20260523T191303Z008290,2026-05-23T19:13:03Z,KXLOWTMIA-26MAY24-B74.5,KXLOWTMIA-26MAY24,2026-05-24,YES,1.28,0.060000000000000005,0.09056838894223865,0.060000000000000005,0.030568388942238643,ensemble,74.0 <= temp_min <= 75.0 @ MIAMI on 2026-05-24,2026-05-25T19:39:13Z,no,-1.26,bet
20260523T191304Z268877,2026-05-23T19:13:11Z,KXLOWTPHX-26MAY24-B73.5,KXLOWTPHX-26MAY24,2026-05-24,NO,20.55,0.37,0.16951725645579413,0.37,-0.20048274354420587,ensemble,73.0 <= temp_min <= 74.0 @ PHOENIX on 2026-05-24,2026-05-25T19:39:13Z,no,11.84,bet
20260523T191311Z960958,2026-05-23T19:13:19Z,KXLOWTPHX-26MAY24-B71.5,KXLOWTPHX-26MAY24,2026-05-24,YES,1.24,0.06,0.1356286703323407,0.06,0.07562867033234069,ensemble,71.0 <= temp_min <= 72.0 @ PHOENIX on 2026-05-24,2026-05-25T19:39:13Z,no,-1.2,bet
20260523T191319Z502722,2026-05-23T19:13:27Z,KXLOWTPHX-26MAY24-B69.5,KXLOWTPHX-26MAY24,2026-05-24,YES,0.4,0.025,0.08545533888821226,0.025,0.06045533888821226,ensemble,69.0 <= temp_min <= 70.0 @ PHOENIX on 2026-05-24,2026-05-25T19:39:13Z,no,-0.4,bet
20260523T191401Z159801,2026-05-23T19:14:01Z,KXLOWTDEN-26MAY24-B48.5,KXLOWTDEN-26MAY24,2026-05-24,NO,20.55,0.255,0.10656368549629153,0.255,-0.14843631450370848,ensemble,48.0 <= temp_min <= 49.0 @ DENVER on 2026-05-24,2026-05-25T19:39:13Z,no,6.89,bet
20260523T191401Z846935,2026-05-23T19:14:01Z,KXLOWTDEN-26MAY24-B50.5,KXLOWTDEN-26MAY24,2026-05-24,NO,20.55,0.215,0.14287419624793235,0.215,-0.07212580375206765,ensemble,50.0 <= temp_min <= 51.0 @ DENVER on 2026-05-24,2026-05-25T19:39:14Z,no,5.59,bet
20260523T191401Z958228,2026-05-23T19:14:02Z,KXLOWTDEN-26MAY24-B46.5,KXLOWTDEN-26MAY24,2026-05-24,NO,20.55,0.15000000000000002,0.07299734052814323,0.15000000000000002,-0.07700265947185679,ensemble,46.0 <= temp_min <= 47.0 @ DENVER on 2026-05-24,2026-05-25T19:39:14Z,no,3.6,bet
20260523T191403Z477943,2026-05-23T19:14:11Z,KXHIGHTSFO-26MAY24-B64.5,KXHIGHTSFO-26MAY24,2026-05-24,NO,20.55,0.39,0.12941546768879272,0.39,-0.26058453231120726,ensemble,64.0 <= temp_max <= 65.0 @ SANFRANCISCO on 2026-05-24,2026-05-25T19:39:14Z,no,12.87,bet
20260523T191411Z169000,2026-05-23T19:14:18Z,KXHIGHTSFO-26MAY24-B66.5,KXHIGHTSFO-26MAY24,2026-05-24,NO,9.34,0.295,0.11668894098877028,0.295,-0.1783110590112297,ensemble,66.0 <= temp_max <= 67.0 @ SANFRANCISCO on 2026-05-24,2026-05-25T19:39:14Z,no,3.83,bet
20260525T193916Z784202,2026-05-25T19:39:17Z,KXLOWTNYC-26MAY26-B58.5,KXLOWTNYC-26MAY26,2026-05-26,NO,21.01,0.29000000000000004,0.13391883761707354,0.29000000000000004,-0.1560811623829265,ensemble,58.0 <= temp_min <= 59.0 @ NYC on 2026-05-26,2026-05-27T20:17:04Z,yes,-20.59,bet
20260525T193917Z425136,2026-05-25T19:39:17Z,KXLOWTNYC-26MAY26-B60.5,KXLOWTNYC-26MAY26,2026-05-26,NO,21.01,0.33499999999999996,0.1852108581336349,0.33499999999999996,-0.14978914186636508,ensemble,60.0 <= temp_min <= 61.0 @ NYC on 2026-05-26,2026-05-27T20:17:04Z,no,10.38,bet
20260525T193918Z567903,2026-05-25T19:39:26Z,KXLOWTLAX-26MAY26-B57.5,KXLOWTLAX-26MAY26,2026-05-26,NO,21.01,0.47,0.37283825538212095,0.47,-0.09716174461787902,ensemble,57.0 <= temp_min <= 58.0 @ LOSANGELES on 2026-05-26,2026-05-27T20:17:05Z,yes,-20.67,bet
20260525T194003Z232400,2026-05-25T19:40:06Z,KXLOWTSFO-26MAY26-B51.5,KXLOWTSFO-26MAY26,2026-05-26,NO,21.01,0.475,0.33910799567093436,0.475,-0.13589200432906562,ensemble,51.0 <= temp_min <= 52.0 @ SANFRANCISCO on 2026-05-26,2026-05-27T20:17:05Z,no,19.0,bet
20260525T194006Z055363,2026-05-25T19:40:06Z,KXLOWTSFO-26MAY26-B49.5,KXLOWTSFO-26MAY26,2026-05-26,YES,2.17,0.1,0.07253536715177841,0.1,-0.027464632848221593,ensemble,49.0 <= temp_min <= 50.0 @ SANFRANCISCO on 2026-05-26,2026-05-27T20:17:05Z,no,-2.1,bet
20260525T194014Z619167,2026-05-25T19:40:22Z,KXLOWTCHI-26MAY26-B61.5,KXLOWTCHI-26MAY26,2026-05-26,NO,21.01,0.33999999999999997,0.12637963544525954,0.33999999999999997,-0.21362036455474043,ensemble,61.0 <= temp_min <= 62.0 @ CHICAGO on 2026-05-26,2026-05-27T20:17:05Z,yes,-20.46,bet
20260525T194022Z530861,2026-05-25T19:40:29Z,KXLOWTCHI-26MAY26-B59.5,KXLOWTCHI-26MAY26,2026-05-26,NO,21.01,0.225,0.09901756445708611,0.225,-0.12598243554291388,ensemble,59.0 <= temp_min <= 60.0 @ CHICAGO on 2026-05-26,2026-05-27T20:17:05Z,no,6.07,bet
20260525T194102Z811319,2026-05-25T19:41:03Z,KXLOWTDC-26MAY26-B63.5,KXLOWTDC-26MAY26,2026-05-26,YES,1.81,0.09,0.12428105597738649,0.09,0.034281055977386496,ensemble,63.0 <= temp_min <= 64.0 @ WASHINGTON on 2026-05-26,2026-05-27T20:17:05Z,yes,18.2,bet
20260525T194104Z280920,2026-05-25T19:41:11Z,KXLOWTBOS-26MAY26-B53.5,KXLOWTBOS-26MAY26,2026-05-26,YES,0.7,0.05,0.10095562572798207,0.05,0.05095562572798207,ensemble,53.0 <= temp_min <= 54.0 @ BOSTON on 2026-05-26,2026-05-27T20:17:05Z,yes,12.35,bet
20260525T194155Z596000,2026-05-25T19:42:04Z,KXLOWTMIA-26MAY26-B80.5,KXLOWTMIA-26MAY26,2026-05-26,YES,5.78,0.08499999999999999,0.3220920381295621,0.08499999999999999,0.23709203812956212,ensemble,80.0 <= temp_min <= 81.0 @ MIAMI on 2026-05-26,2026-05-27T20:17:05Z,yes,62.22,bet
20260525T194204Z125078,2026-05-25T19:42:04Z,KXLOWTMIA-26MAY26-B78.5,KXLOWTMIA-26MAY26,2026-05-26,NO,21.01,0.45,0.28570246197104165,0.45,-0.16429753802895836,ensemble,78.0 <= temp_min <= 79.0 @ MIAMI on 2026-05-26,2026-05-27T20:17:05Z,no,17.1,bet
20260525T194204Z271905,2026-05-25T19:42:04Z,KXLOWTMIA-26MAY26-B76.5,KXLOWTMIA-26MAY26,2026-05-26,NO,21.01,0.325,0.06801412980752461,0.325,-0.25698587019247543,ensemble,76.0 <= temp_min <= 77.0 @ MIAMI on 2026-05-26,2026-05-27T20:17:05Z,no,10.07,bet
20260525T194205Z237886,2026-05-25T19:42:12Z,KXLOWTPHX-26MAY26-B72.5,KXLOWTPHX-26MAY26,2026-05-26,NO,21.01,0.315,0.15223855767582967,0.315,-0.16276144232417034,ensemble,72.0 <= temp_min <= 73.0 @ PHOENIX on 2026-05-26,2026-05-27T20:17:05Z,yes,-20.55,bet
20260525T194212Z713465,2026-05-25T19:42:20Z,KXLOWTPHX-26MAY26-B70.5,KXLOWTPHX-26MAY26,2026-05-26,YES,1.14,0.07,0.12767862436194735,0.07,0.057678624361947345,ensemble,70.0 <= temp_min <= 71.0 @ PHOENIX on 2026-05-26,2026-05-27T20:17:05Z,no,-1.12,bet
20260525T194303Z930360,2026-05-25T19:43:05Z,KXLOWTDEN-26MAY26-B53.5,KXLOWTDEN-26MAY26,2026-05-26,NO,21.01,0.215,0.10111998508660677,0.215,-0.11388001491339322,ensemble,53.0 <= temp_min <= 54.0 @ DENVER on 2026-05-26,2026-05-27T20:17:05Z,yes,-20.41,bet
20260525T194305Z112409,2026-05-25T19:43:05Z,KXLOWTDEN-26MAY26-B55.5,KXLOWTDEN-26MAY26,2026-05-26,NO,21.01,0.28,0.13732249755425097,0.28,-0.14267750244574906,ensemble,55.0 <= temp_min <= 56.0 @ DENVER on 2026-05-26,2026-05-27T20:17:05Z,no,8.12,bet
20260525T194306Z020810,2026-05-25T19:43:13Z,KXLOWTSEA-26MAY26-B46.5,KXLOWTSEA-26MAY26,2026-05-26,NO,21.01,0.43,0.2600921961640929,0.43,-0.1699078038359071,ensemble,46.0 <= temp_min <= 47.0 @ SEATTLE on 2026-05-26,2026-05-27T20:17:06Z,no,15.48,bet
20260525T194313Z499048,2026-05-25T19:43:20Z,KXLOWTSEA-26MAY26-B48.5,KXLOWTSEA-26MAY26,2026-05-26,NO,21.01,0.315,0.23247684685339792,0.315,-0.08252315314660208,ensemble,48.0 <= temp_min <= 49.0 @ SEATTLE on 2026-05-26,2026-05-27T20:17:06Z,yes,-20.55,bet
20260525T194320Z873798,2026-05-25T19:43:28Z,KXLOWTSEA-26MAY26-B44.5,KXLOWTSEA-26MAY26,2026-05-26,YES,2.19,0.125,0.18323649870501663,0.125,0.058236498705016626,ensemble,44.0 <= temp_min <= 45.0 @ SEATTLE on 2026-05-26,2026-05-27T20:17:06Z,no,-2.12,bet
20260525T194328Z449517,2026-05-25T19:43:28Z,KXHIGHTSFO-26MAY26-B64.5,KXHIGHTSFO-26MAY26,2026-05-26,NO,21.01,0.375,0.13042055638408806,0.375,-0.24457944361591194,ensemble,64.0 <= temp_max <= 65.0 @ SANFRANCISCO on 2026-05-26,2026-05-27T20:17:06Z,yes,-20.62,bet
20260525T194328Z595865,2026-05-25T19:43:28Z,KXHIGHTSFO-26MAY26-B62.5,KXHIGHTSFO-26MAY26,2026-05-26,NO,7.24,0.4,0.16207561926034111,0.4,-0.2379243807396589,ensemble,62.0 <= temp_max <= 63.0 @ SANFRANCISCO on 2026-05-26,2026-05-27T20:17:06Z,no,4.8,bet
20260527T201708Z214535,2026-05-27T20:17:08Z,KXLOWTNYC-26MAY28-B61.5,KXLOWTNYC-26MAY28,2026-05-28,NO,21.7,0.335,0.19560336547756965,0.335,-0.13939663452243037,ensemble,61.0 <= temp_min <= 62.0 @ NYC on 2026-05-28,2026-05-29T20:25:19Z,yes,-21.28,bet
20260527T201708Z968886,2026-05-27T20:17:09Z,KXLOWTNYC-26MAY28-B63.5,KXLOWTNYC-26MAY28,2026-05-28,NO,21.7,0.315,0.2094969873158438,0.315,-0.10550301268415621,ensemble,63.0 <= temp_min <= 64.0 @ NYC on 2026-05-28,2026-05-29T20:25:19Z,no,9.76,bet
20260527T201709Z116159,2026-05-27T20:17:09Z,KXLOWTNYC-26MAY28-B65.5,KXLOWTNYC-26MAY28,2026-05-28,YES,2.1,0.095,0.16891485001462342,0.095,0.07391485001462342,ensemble,65.0 <= temp_min <= 66.0 @ NYC on 2026-05-28,2026-05-29T20:25:19Z,no,-2.09,bet
20260527T201710Z545608,2026-05-27T20:17:18Z,KXLOWTLAX-26MAY28-B55.5,KXLOWTLAX-26MAY28,2026-05-28,NO,21.7,0.44,0.29125286483344404,0.44,-0.14874713516655597,ensemble,55.0 <= temp_min <= 56.0 @ LOSANGELES on 2026-05-28,2026-05-29T20:25:19Z,yes,-21.28,bet
20260527T201718Z097403,2026-05-27T20:17:25Z,KXLOWTLAX-26MAY28-B59.5,KXLOWTLAX-26MAY28,2026-05-28,YES,1.98,0.055,0.1805291171923663,0.055,0.1255291171923663,ensemble,59.0 <= temp_min <= 60.0 @ LOSANGELES on 2026-05-28,2026-05-29T20:25:19Z,no,-1.93,bet
20260527T201803Z174523,2026-05-27T20:18:04Z,KXLOWTSFO-26MAY28-B54.5,KXLOWTSFO-26MAY28,2026-05-28,NO,21.7,0.555,0.4888149434001473,0.555,-0.06618505659985274,ensemble,54.0 <= temp_min <= 55.0 @ SANFRANCISCO on 2026-05-28,2026-05-29T20:25:20Z,yes,-21.36,bet
20260527T201805Z261718,2026-05-27T20:18:12Z,KXLOWTCHI-26MAY28-B55.5,KXLOWTCHI-26MAY28,2026-05-28,NO,21.7,0.33499999999999996,0.14856660497309657,0.33499999999999996,-0.1864333950269034,ensemble,55.0 <= temp_min <= 56.0 @ CHICAGO on 2026-05-28,2026-05-29T20:25:20Z,yes,-21.28,bet
20260527T201812Z809026,2026-05-27T20:18:20Z,KXLOWTCHI-26MAY28-B57.5,KXLOWTCHI-26MAY28,2026-05-28,NO,21.7,0.28500000000000003,0.15247957203221268,0.28500000000000003,-0.13252042796778735,ensemble,57.0 <= temp_min <= 58.0 @ CHICAGO on 2026-05-28,2026-05-29T20:25:20Z,no,8.55,bet
20260527T201904Z413241,2026-05-27T20:19:05Z,KXLOWTDC-26MAY28-B65.5,KXLOWTDC-26MAY28,2026-05-28,YES,4.51,0.11,0.16889632375021763,0.11,0.058896323750217625,ensemble,65.0 <= temp_min <= 66.0 @ WASHINGTON on 2026-05-28,2026-05-29T20:25:21Z,no,-4.4,bet
20260527T201905Z771187,2026-05-27T20:19:05Z,KXLOWTDC-26MAY28-B63.5,KXLOWTDC-26MAY28,2026-05-28,NO,21.7,0.315,0.1692286342707062,0.315,-0.1457713657292938,ensemble,63.0 <= temp_min <= 64.0 @ WASHINGTON on 2026-05-28,2026-05-29T20:25:21Z,yes,-21.24,bet
20260527T201906Z817458,2026-05-27T20:19:14Z,KXLOWTBOS-26MAY28-B52.5,KXLOWTBOS-26MAY28,2026-05-28,YES,0.79,0.04,0.11004002839172844,0.04,0.07004002839172843,ensemble,52.0 <= temp_min <= 53.0 @ BOSTON on 2026-05-28,2026-05-29T20:25:21Z,no,-0.76,bet
20260527T201958Z531708,2026-05-27T20:20:06Z,KXLOWTMIA-26MAY28-B77.5,KXLOWTMIA-26MAY28,2026-05-28,NO,21.7,0.47,0.31261877865867455,0.47,-0.15738122134132543,ensemble,77.0 <= temp_min <= 78.0 @ MIAMI on 2026-05-28,2026-05-29T20:25:21Z,no,18.8,bet
20260527T202006Z089472,2026-05-27T20:20:06Z,KXLOWTMIA-26MAY28-B79.5,KXLOWTMIA-26MAY28,2026-05-28,YES,6.03,0.20500000000000002,0.3176181544467405,0.20500000000000002,0.1126181544467405,ensemble,79.0 <= temp_min <= 80.0 @ MIAMI on 2026-05-28,2026-05-29T20:25:21Z,no,-5.95,bet
20260527T202006Z240261,2026-05-27T20:20:06Z,KXLOWTMIA-26MAY28-B75.5,KXLOWTMIA-26MAY28,2026-05-28,NO,21.7,0.255,0.15414952889592679,0.255,-0.10085047110407322,ensemble,75.0 <= temp_min <= 76.0 @ MIAMI on 2026-05-28,2026-05-29T20:25:21Z,yes,-21.61,bet
20260527T202014Z026940,2026-05-27T20:20:21Z,KXLOWTPHX-26MAY28-B68.5,KXLOWTPHX-26MAY28,2026-05-28,NO,21.7,0.435,0.1645320440106024,0.435,-0.2704679559893976,ensemble,68.0 <= temp_min <= 69.0 @ PHOENIX on 2026-05-28,2026-05-29T20:25:22Z,no,16.53,bet
20260527T202021Z782370,2026-05-27T20:20:29Z,KXLOWTPHX-26MAY28-B66.5,KXLOWTPHX-26MAY28,2026-05-28,YES,1.08,0.065,0.12229895461396605,0.065,0.057298954613966044,ensemble,66.0 <= temp_min <= 67.0 @ PHOENIX on 2026-05-28,2026-05-29T20:25:22Z,no,-1.04,bet
20260527T202102Z881414,2026-05-27T20:21:03Z,KXLOWTDEN-26MAY28-B54.5,KXLOWTDEN-26MAY28,2026-05-28,YES,4.77,0.08499999999999999,0.18707212799234715,0.08499999999999999,0.10207212799234716,ensemble,54.0 <= temp_min <= 55.0 @ DENVER on 2026-05-28,2026-05-29T20:25:22Z,no,-4.76,bet
20260527T202103Z537864,2026-05-27T20:21:03Z,KXLOWTDEN-26MAY28-B50.5,KXLOWTDEN-26MAY28,2026-05-28,NO,21.7,0.31,0.15322922240360026,0.31,-0.15677077759639974,ensemble,50.0 <= temp_min <= 51.0 @ DENVER on 2026-05-28,2026-05-29T20:25:22Z,yes,-21.39,bet
20260527T202103Z691338,2026-05-27T20:21:03Z,KXLOWTDEN-26MAY28-B56.5,KXLOWTDEN-26MAY28,2026-05-28,YES,1.27,0.045,0.14402717260600828,0.045,0.09902717260600828,ensemble,56.0 <= temp_min <= 57.0 @ DENVER on 2026-05-28,2026-05-29T20:25:22Z,no,-1.26,bet
20260527T202104Z973119,2026-05-27T20:21:12Z,KXLOWTSEA-26MAY28-B54.5,KXLOWTSEA-26MAY28,2026-05-28,NO,21.7,0.49,0.27312206882756196,0.49,-0.21687793117243803,ensemble,54.0 <= temp_min <= 55.0 @ SEATTLE on 2026-05-28,2026-05-29T20:25:22Z,no,20.58,bet
20260527T202112Z516375,2026-05-27T20:21:19Z,KXLOWTSEA-26MAY28-B50.5,KXLOWTSEA-26MAY28,2026-05-28,YES,1.92,0.055,0.1768622891783872,0.055,0.1218622891783872,ensemble,50.0 <= temp_min <= 51.0 @ SEATTLE on 2026-05-28,2026-05-29T20:25:22Z,no,-1.87,bet
20260527T202120Z144815,2026-05-27T20:21:20Z,KXHIGHTSFO-26MAY28-B68.5,KXHIGHTSFO-26MAY28,2026-05-28,NO,21.7,0.395,0.11898298226977341,0.395,-0.2760170177302266,ensemble,68.0 <= temp_max <= 69.0 @ SANFRANCISCO on 2026-05-28,2026-05-29T20:25:23Z,no,13.82,bet
20260527T202120Z294593,2026-05-27T20:21:20Z,KXHIGHTSFO-26MAY28-B70.5,KXHIGHTSFO-26MAY28,2026-05-28,NO,19.0,0.22999999999999998,0.10034896135712901,0.22999999999999998,-0.12965103864287097,ensemble,70.0 <= temp_max <= 71.0 @ SANFRANCISCO on 2026-05-28,2026-05-29T20:25:23Z,no,5.52,bet
20260529T202525Z689167,2026-05-29T20:25:27Z,KXLOWTNYC-26MAY30-B52.5,KXLOWTNYC-26MAY30,2026-05-30,NO,20.1,0.315,0.171873543673583,0.315,-0.143126456326417,ensemble,52.0 <= temp_min <= 53.0 @ NYC on 2026-05-30,2026-05-31T19:17:19Z,no,9.13,bet
20260529T202527Z514760,2026-05-29T20:25:27Z,KXLOWTNYC-26MAY30-B54.5,KXLOWTNYC-26MAY30,2026-05-30,NO,20.1,0.315,0.19818045735877346,0.315,-0.11681954264122654,ensemble,54.0 <= temp_min <= 55.0 @ NYC on 2026-05-30,2026-05-31T19:17:19Z,no,9.13,bet
20260529T202530Z332162,2026-05-29T20:25:38Z,KXLOWTLAX-26MAY30-B58.5,KXLOWTLAX-26MAY30,2026-05-30,NO,20.1,0.51,0.3370469314539112,0.51,-0.17295306854608883,ensemble,58.0 <= temp_min <= 59.0 @ LOSANGELES on 2026-05-30,2026-05-31T19:17:19Z,no,20.91,bet
20260529T202538Z038793,2026-05-29T20:25:45Z,KXLOWTLAX-26MAY30-B56.5,KXLOWTLAX-26MAY30,2026-05-30,YES,3.19,0.14500000000000002,0.21982294486141232,0.14500000000000002,0.0748229448614123,ensemble,56.0 <= temp_min <= 57.0 @ LOSANGELES on 2026-05-30,2026-05-31T19:17:19Z,no,-3.05,bet
20260529T202605Z332662,2026-05-29T20:26:06Z,KXLOWTCHI-26MAY30-B57.5,KXLOWTCHI-26MAY30,2026-05-30,NO,20.1,0.24,0.14348157457753316,0.24,-0.09651842542246683,ensemble,57.0 <= temp_min <= 58.0 @ CHICAGO on 2026-05-30,2026-05-31T19:17:19Z,yes,-19.76,bet
20260529T202651Z269081,2026-05-29T20:27:05Z,KXLOWTDC-26MAY30-B61.5,KXLOWTDC-26MAY30,2026-05-30,YES,5.49,0.095,0.30308443952753683,0.095,0.20808443952753683,ensemble,61.0 <= temp_min <= 62.0 @ WASHINGTON on 2026-05-30,2026-05-31T19:17:19Z,yes,51.59,bet
20260529T202705Z635266,2026-05-29T20:27:05Z,KXLOWTDC-26MAY30-B57.5,KXLOWTDC-26MAY30,2026-05-30,NO,20.1,0.32,0.13527452320127575,0.32,-0.18472547679872425,ensemble,57.0 <= temp_min <= 58.0 @ WASHINGTON on 2026-05-30,2026-05-31T19:17:20Z,no,9.28,bet
20260529T202705Z758227,2026-05-29T20:27:05Z,KXLOWTDC-26MAY30-B59.5,KXLOWTDC-26MAY30,2026-05-30,NO,20.1,0.33,0.18310936366176866,0.33,-0.14689063633823135,ensemble,59.0 <= temp_min <= 60.0 @ WASHINGTON on 2026-05-30,2026-05-31T19:17:20Z,no,9.9,bet
20260529T202706Z951375,2026-05-29T20:27:14Z,KXLOWTBOS-26MAY30-B43.5,KXLOWTBOS-26MAY30,2026-05-30,NO,20.1,0.345,0.14291208335706743,0.345,-0.20208791664293255,ensemble,43.0 <= temp_min <= 44.0 @ BOSTON on 2026-05-30,2026-05-31T19:17:20Z,no,10.35,bet
20260529T202714Z649822,2026-05-29T20:27:22Z,KXLOWTBOS-26MAY30-B45.5,KXLOWTBOS-26MAY30,2026-05-30,NO,20.1,0.29000000000000004,0.15911418785407996,0.29000000000000004,-0.13088581214592007,ensemble,45.0 <= temp_min <= 46.0 @ BOSTON on 2026-05-30,2026-05-31T19:17:20Z,yes,-19.88,bet
20260529T202722Z190554,2026-05-29T20:27:29Z,KXLOWTBOS-26MAY30-B41.5,KXLOWTBOS-26MAY30,2026-05-30,NO,20.1,0.215,0.1095537447302643,0.215,-0.1054462552697357,ensemble,41.0 <= temp_min <= 42.0 @ BOSTON on 2026-05-30,2026-05-31T19:17:20Z,no,5.38,bet
20260529T202802Z520835,2026-05-29T20:28:05Z,KXLOWTMIA-26MAY30-B74.5,KXLOWTMIA-26MAY30,2026-05-30,NO,20.1,0.37,0.14206288129425867,0.37,-0.22793711870574132,ensemble,74.0 <= temp_min <= 75.0 @ MIAMI on 2026-05-30,2026-05-31T19:17:20Z,no,11.47,bet
20260529T202805Z049711,2026-05-29T20:28:05Z,KXLOWTMIA-26MAY30-B76.5,KXLOWTMIA-26MAY30,2026-05-30,NO,20.1,0.44999999999999996,0.2713888467773336,0.44999999999999996,-0.17861115322266635,ensemble,76.0 <= temp_min <= 77.0 @ MIAMI on 2026-05-30,2026-05-31T19:17:20Z,yes,-19.8,bet
20260529T202805Z167135,2026-05-29T20:28:05Z,KXLOWTMIA-26MAY30-B78.5,KXLOWTMIA-26MAY30,2026-05-30,YES,6.32,0.12000000000000001,0.3042976372782954,0.12000000000000001,0.1842976372782954,ensemble,78.0 <= temp_min <= 79.0 @ MIAMI on 2026-05-30,2026-05-31T19:17:20Z,no,-6.24,bet
20260529T202808Z031059,2026-05-29T20:28:15Z,KXLOWTPHX-26MAY30-B67.5,KXLOWTPHX-26MAY30,2026-05-30,NO,20.1,0.435,0.13686749288617958,0.435,-0.29813250711382044,ensemble,67.0 <= temp_min <= 68.0 @ PHOENIX on 2026-05-30,2026-05-31T19:17:20Z,no,15.23,bet
20260529T202815Z730045,2026-05-29T20:28:23Z,KXLOWTPHX-26MAY30-B63.5,KXLOWTPHX-26MAY30,2026-05-30,YES,0.47,0.035,0.08626462141427962,0.035,0.05126462141427962,ensemble,63.0 <= temp_min <= 64.0 @ PHOENIX on 2026-05-30,2026-05-31T19:17:20Z,no,-0.46,bet
20260529T202901Z632687,2026-05-29T20:29:02Z,KXLOWTDEN-26MAY30-B54.5,KXLOWTDEN-26MAY30,2026-05-30,YES,3.65,0.075,0.18339631009160062,0.075,0.10839631009160063,ensemble,54.0 <= temp_min <= 55.0 @ DENVER on 2026-05-30,2026-05-31T19:17:20Z,no,-3.6,bet
20260529T202902Z320903,2026-05-29T20:29:02Z,KXLOWTDEN-26MAY30-B48.5,KXLOWTDEN-26MAY30,2026-05-30,NO,20.1,0.25,0.1172701429155257,0.25,-0.1327298570844743,ensemble,48.0 <= temp_min <= 49.0 @ DENVER on 2026-05-30,2026-05-31T19:17:20Z,yes,-19.5,bet
20260529T202902Z438739,2026-05-29T20:29:02Z,KXLOWTDEN-26MAY30-B52.5,KXLOWTDEN-26MAY30,2026-05-30,YES,6.05,0.21000000000000002,0.21207919287439145,0.21000000000000002,0.002079192874391428,ensemble,52.0 <= temp_min <= 53.0 @ DENVER on 2026-05-30,2026-05-31T19:17:20Z,no,-5.88,bet
20260529T202904Z726473,2026-05-29T20:29:12Z,KXLOWTSEA-26MAY30-B45.5,KXLOWTSEA-26MAY30,2026-05-30,NO,15.1,0.38,0.27195853933420605,0.38,-0.10804146066579395,ensemble,45.0 <= temp_min <= 46.0 @ SEATTLE on 2026-05-30,2026-05-31T19:17:20Z,yes,-14.88,bet
20260531T191724Z652620,2026-05-31T19:17:28Z,KXLOWTNYC-26JUN01-B56.5,KXLOWTNYC-26JUN01,2026-06-01,NO,20.89,0.335,0.22704196678203495,0.335,-0.10795803321796507,ensemble,56.0 <= temp_min <= 57.0 @ NYC on 2026-06-01,2026-06-02T20:49:27Z,no,10.38,bet
20260531T191728Z174010,2026-05-31T19:17:28Z,KXLOWTNYC-26JUN01-B54.5,KXLOWTNYC-26JUN01,2026-06-01,NO,20.89,0.295,0.18774915920028723,0.295,-0.10725084079971275,ensemble,54.0 <= temp_min <= 55.0 @ NYC on 2026-06-01,2026-06-02T20:49:27Z,no,8.55,bet
20260531T191728Z324480,2026-05-31T19:17:28Z,KXLOWTNYC-26JUN01-B60.5,KXLOWTNYC-26JUN01,2026-06-01,YES,1.12,0.060000000000000005,0.1270149098389151,0.060000000000000005,0.06701490983891512,ensemble,60.0 <= temp_min <= 61.0 @ NYC on 2026-06-01,2026-06-02T20:49:27Z,no,-1.08,bet
20260531T191729Z138741,2026-05-31T19:17:36Z,KXLOWTLAX-26JUN01-B59.5,KXLOWTLAX-26JUN01,2026-06-01,NO,20.89,0.435,0.2606623556332645,0.435,-0.1743376443667355,ensemble,59.0 <= temp_min <= 60.0 @ LOSANGELES on 2026-06-01,2026-06-03T20:55:27Z,no,15.66,bet
20260531T191736Z628070,2026-05-31T19:17:44Z,KXLOWTLAX-26JUN01-B61.5,KXLOWTLAX-26JUN01,2026-06-01,NO,20.89,0.33999999999999997,0.28763806571313766,0.33999999999999997,-0.05236193428686231,ensemble,61.0 <= temp_min <= 62.0 @ LOSANGELES on 2026-06-01,2026-06-03T20:55:27Z,yes,-20.46,bet
20260531T191805Z093226,2026-05-31T19:18:08Z,KXLOWTSFO-26JUN01-B50.5,KXLOWTSFO-26JUN01,2026-06-01,NO,20.89,0.44499999999999995,0.3027345459133628,0.44499999999999995,-0.14226545408663716,ensemble,50.0 <= temp_min <= 51.0 @ SANFRANCISCO on 2026-06-01,2026-06-02T20:49:28Z,no,16.46,bet
20260531T191808Z597105,2026-05-31T19:18:08Z,KXLOWTSFO-26JUN01-B48.5,KXLOWTSFO-26JUN01,2026-06-01,YES,1.98,0.075,0.16834168186530105,0.075,0.09334168186530105,ensemble,48.0 <= temp_min <= 49.0 @ SANFRANCISCO on 2026-06-01,2026-06-02T20:49:28Z,no,-1.95,bet
20260531T191808Z746649,2026-05-31T19:18:08Z,KXLOWTSFO-26JUN01-B52.5,KXLOWTSFO-26JUN01,2026-06-01,NO,20.89,0.385,0.2937080409797428,0.385,-0.09129195902025722,ensemble,52.0 <= temp_min <= 53.0 @ SANFRANCISCO on 2026-06-01,2026-06-02T20:49:28Z,yes,-20.29,bet
20260531T191812Z795169,2026-05-31T19:18:20Z,KXLOWTCHI-26JUN01-B57.5,KXLOWTCHI-26JUN01,2026-06-01,NO,20.89,0.38,0.14882078734185025,0.38,-0.23117921265814975,ensemble,57.0 <= temp_min <= 58.0 @ CHICAGO on 2026-06-01,2026-06-02T20:49:28Z,no,12.54,bet
20260531T191820Z285850,2026-05-31T19:18:27Z,KXLOWTCHI-26JUN01-B59.5,KXLOWTCHI-26JUN01,2026-06-01,NO,20.89,0.25,0.13201540164303707,0.25,-0.11798459835696293,ensemble,59.0 <= temp_min <= 60.0 @ CHICAGO on 2026-06-01,2026-06-02T20:49:29Z,no,6.75,bet
20260531T191827Z678276,2026-05-31T19:18:35Z,KXLOWTCHI-26JUN01-B55.5,KXLOWTCHI-26JUN01,2026-06-01,NO,20.89,0.245,0.14867582516765196,0.245,-0.09632417483234804,ensemble,55.0 <= temp_min <= 56.0 @ CHICAGO on 2026-06-01,2026-06-02T20:49:29Z,yes,-20.39,bet
20260531T191905Z957569,2026-05-31T19:19:06Z,KXLOWTDC-26JUN01-B59.5,KXLOWTDC-26JUN01,2026-06-01,NO,20.89,0.485,0.18420917642528334,0.485,-0.30079082357471665,ensemble,59.0 <= temp_min <= 60.0 @ WASHINGTON on 2026-06-01,2026-06-02T20:49:29Z,yes,-20.6,bet
20260531T191906Z615957,2026-05-31T19:19:06Z,KXLOWTDC-26JUN01-B55.5,KXLOWTDC-26JUN01,2026-06-01,YES,0.88,0.045000000000000005,0.08563370710572404,0.045000000000000005,0.04063370710572404,ensemble,55.0 <= temp_min <= 56.0 @ WASHINGTON on 2026-06-01,2026-06-02T20:49:29Z,no,-0.86,bet
20260531T191909Z898720,2026-05-31T19:19:17Z,KXLOWTBOS-26JUN01-B45.5,KXLOWTBOS-26JUN01,2026-06-01,YES,1.11,0.045000000000000005,0.13497812046800814,0.045000000000000005,0.08997812046800813,ensemble,45.0 <= temp_min <= 46.0 @ BOSTON on 2026-06-01,2026-06-02T20:49:29Z,no,-1.08,bet
20260531T192001Z294210,2026-05-31T19:20:04Z,KXLOWTMIA-26JUN01-B76.5,KXLOWTMIA-26JUN01,2026-06-01,NO,20.89,0.48,0.3037761324636811,0.48,-0.17622386753631886,ensemble,76.0 <= temp_min <= 77.0 @ MIAMI on 2026-06-01,2026-06-02T20:49:30Z,yes,-20.8,bet
20260531T192004Z900242,2026-05-31T19:20:05Z,KXLOWTMIA-26JUN01-B72.5,KXLOWTMIA-26JUN01,2026-06-01,YES,0.53,0.035,0.0221942021675633,0.035,-0.012805797832436704,ensemble,72.0 <= temp_min <= 73.0 @ MIAMI on 2026-06-01,2026-06-02T20:49:30Z,no,-0.53,bet
20260531T192011Z794931,2026-05-31T19:20:19Z,KXLOWTPHX-26JUN01-B72.5,KXLOWTPHX-26JUN01,2026-06-01,YES,0.96,0.065,0.11808392050010899,0.065,0.05308392050010899,ensemble,72.0 <= temp_min <= 73.0 @ PHOENIX on 2026-06-01,2026-06-02T20:49:30Z,no,-0.91,bet
20260531T192103Z202487,2026-05-31T19:21:06Z,KXLOWTDEN-26JUN01-B57.5,KXLOWTDEN-26JUN01,2026-06-01,YES,1.43,0.03,0.14883381102645818,0.03,0.11883381102645818,ensemble,57.0 <= temp_min <= 58.0 @ DENVER on 2026-06-01,2026-06-02T20:49:30Z,no,-1.41,bet
20260531T192106Z225305,2026-05-31T19:21:06Z,KXLOWTDEN-26JUN01-B55.5,KXLOWTDEN-26JUN01,2026-06-01,YES,4.63,0.1,0.17773941948109154,0.1,0.07773941948109153,ensemble,55.0 <= temp_min <= 56.0 @ DENVER on 2026-06-01,2026-06-02T20:49:30Z,yes,41.4,bet
20260531T192106Z375377,2026-05-31T19:21:06Z,KXLOWTDEN-26JUN01-B53.5,KXLOWTDEN-26JUN01,2026-06-01,YES,3.96,0.185,0.17567109387522883,0.185,-0.009328906124771164,ensemble,53.0 <= temp_min <= 54.0 @ DENVER on 2026-06-01,2026-06-02T20:49:31Z,no,-3.88,bet
20260531T192109Z113074,2026-05-31T19:21:16Z,KXLOWTSEA-26JUN01-B44.5,KXLOWTSEA-26JUN01,2026-06-01,YES,1.63,0.05,0.16829374154231833,0.05,0.11829374154231832,ensemble,44.0 <= temp_min <= 45.0 @ SEATTLE on 2026-06-01,2026-06-02T20:49:31Z,no,-1.6,bet
20260531T192116Z611053,2026-05-31T19:21:23Z,KXLOWTSEA-26JUN01-B46.5,KXLOWTSEA-26JUN01,2026-06-01,NO,20.89,0.355,0.24994965018261092,0.355,-0.10505034981738906,ensemble,46.0 <= temp_min <= 47.0 @ SEATTLE on 2026-06-01,2026-06-02T20:49:31Z,no,11.36,bet
20260531T192124Z203311,2026-05-31T19:21:24Z,KXHIGHTSFO-26JUN01-B73.5,KXHIGHTSFO-26JUN01,2026-06-01,NO,20.89,0.415,0.07809284793322743,0.415,-0.3369071520667726,ensemble,73.0 <= temp_max <= 74.0 @ SANFRANCISCO on 2026-06-01,2026-06-02T20:49:31Z,no,14.53,bet
20260531T192124Z354273,2026-05-31T19:21:24Z,KXHIGHTSFO-26JUN01-B75.5,KXHIGHTSFO-26JUN01,2026-06-01,NO,20.89,0.255,0.07632557067105378,0.255,-0.17867442932894623,ensemble,75.0 <= temp_max <= 76.0 @ SANFRANCISCO on 2026-06-01,2026-06-02T20:49:31Z,no,7.14,bet
20260531T192124Z505299,2026-05-31T19:21:24Z,KXHIGHTSFO-26JUN01-B71.5,KXHIGHTSFO-26JUN01,2026-06-01,NO,2.67,0.175,0.08173736960205047,0.175,-0.09326263039794952,ensemble,71.0 <= temp_max <= 72.0 @ SANFRANCISCO on 2026-06-01,2026-06-02T20:49:31Z,yes,-2.47,bet
20260602T204934Z246053,2026-06-02T20:49:36Z,KXLOWTNYC-26JUN03-B59.5,KXLOWTNYC-26JUN03,2026-06-03,NO,21.52,0.52,0.19274890782291415,0.52,-0.32725109217708587,ensemble,59.0 <= temp_min <= 60.0 @ NYC on 2026-06-03,2026-06-04T20:05:51Z,no,22.88,bet
20260602T204940Z231999,2026-06-02T20:49:47Z,KXLOWTLAX-26JUN03-B57.5,KXLOWTLAX-26JUN03,2026-06-03,YES,2.39,0.08499999999999999,0.18083351899638406,0.08499999999999999,0.09583351899638407,ensemble,57.0 <= temp_min <= 58.0 @ LOSANGELES on 2026-06-03,2026-06-04T20:05:51Z,no,-2.38,bet
20260602T204947Z930618,2026-06-02T20:49:55Z,KXLOWTLAX-26JUN03-B59.5,KXLOWTLAX-26JUN03,2026-06-03,NO,21.52,0.43,0.336300506104049,0.43,-0.093699493895951,ensemble,59.0 <= temp_min <= 60.0 @ LOSANGELES on 2026-06-03,2026-06-04T20:05:51Z,yes,-21.09,bet
20260602T204955Z490416,2026-06-02T20:50:03Z,KXLOWTLAX-26JUN03-B61.5,KXLOWTLAX-26JUN03,2026-06-03,NO,21.52,0.33,0.2799107034269947,0.33,-0.050089296573005315,ensemble,61.0 <= temp_min <= 62.0 @ LOSANGELES on 2026-06-03,2026-06-04T20:05:51Z,no,10.56,bet
20260602T205014Z180093,2026-06-02T20:50:15Z,KXLOWTCHI-26JUN03-B54.5,KXLOWTCHI-26JUN03,2026-06-03,NO,21.52,0.2,0.14513393841590969,0.2,-0.054866061584090325,ensemble,54.0 <= temp_min <= 55.0 @ CHICAGO on 2026-06-03,2026-06-04T20:05:51Z,no,5.2,bet
20260602T205107Z967671,2026-06-02T20:51:08Z,KXLOWTMIA-26JUN03-B75.5,KXLOWTMIA-26JUN03,2026-06-03,NO,21.52,0.48,0.3399270183165207,0.48,-0.14007298168347926,ensemble,75.0 <= temp_min <= 76.0 @ MIAMI on 2026-06-03,2026-06-04T20:05:51Z,no,19.68,bet
20260602T205108Z847276,2026-06-02T20:51:08Z,KXLOWTMIA-26JUN03-B77.5,KXLOWTMIA-26JUN03,2026-06-03,YES,5.7,0.155,0.27050419879353954,0.155,0.11550419879353954,ensemble,77.0 <= temp_min <= 78.0 @ MIAMI on 2026-06-03,2026-06-04T20:05:51Z,no,-5.58,bet
20260602T205154Z042973,2026-06-02T20:52:05Z,KXLOWTPHX-26JUN03-B74.5,KXLOWTPHX-26JUN03,2026-06-03,YES,1.54,0.05,0.15852064326836093,0.05,0.10852064326836093,ensemble,74.0 <= temp_min <= 75.0 @ PHOENIX on 2026-06-03,2026-06-04T20:05:52Z,no,-1.5,bet
20260602T205209Z249978,2026-06-02T20:52:16Z,KXLOWTDEN-26JUN03-B57.5,KXLOWTDEN-26JUN03,2026-06-03,YES,2.21,0.095,0.17320830948775862,0.095,0.07820830948775861,ensemble,57.0 <= temp_min <= 58.0 @ DENVER on 2026-06-03,2026-06-04T20:05:52Z,no,-2.19,bet
20260602T205216Z972963,2026-06-02T20:52:24Z,KXLOWTDEN-26JUN03-B51.5,KXLOWTDEN-26JUN03,2026-06-03,YES,1.28,0.07,0.13332055021430453,0.07,0.06332055021430452,ensemble,51.0 <= temp_min <= 52.0 @ DENVER on 2026-06-03,2026-06-04T20:05:52Z,yes,16.74,bet
20260602T205304Z712284,2026-06-02T20:53:05Z,KXLOWTSEA-26JUN03-B52.5,KXLOWTSEA-26JUN03,2026-06-03,YES,2.84,0.085,0.16445647776341837,0.085,0.07945647776341837,ensemble,52.0 <= temp_min <= 53.0 @ SEATTLE on 2026-06-03,2026-06-04T20:05:52Z,no,-2.81,bet
20260602T205305Z709481,2026-06-02T20:53:09Z,KXHIGHTSFO-26JUN03-B70.5,KXHIGHTSFO-26JUN03,2026-06-03,NO,21.52,0.295,0.1167102632838806,0.295,-0.1782897367161194,ensemble,70.0 <= temp_max <= 71.0 @ SANFRANCISCO on 2026-06-03,2026-06-04T20:05:52Z,yes,-21.15,bet
20260602T205309Z442081,2026-06-02T20:53:09Z,KXHIGHTSFO-26JUN03-B72.5,KXHIGHTSFO-26JUN03,2026-06-03,NO,21.52,0.265,0.09943951515359957,0.265,-0.16556048484640046,ensemble,72.0 <= temp_max <= 73.0 @ SANFRANCISCO on 2026-06-03,2026-06-04T20:05:52Z,no,7.68,bet
20260602T205309Z600119,2026-06-02T20:53:09Z,KXHIGHTSFO-26JUN03-B68.5,KXHIGHTSFO-26JUN03,2026-06-03,NO,21.52,0.22,0.12093493376104639,0.22,-0.09906506623895361,ensemble,68.0 <= temp_max <= 69.0 @ SANFRANCISCO on 2026-06-03,2026-06-04T20:05:52Z,no,5.94,bet
20260602T205354Z640472,2026-06-02T20:54:04Z,KXHIGHTDC-26JUN03-B79.5,KXHIGHTDC-26JUN03,2026-06-03,YES,1.72,0.045,0.18038882122224636,0.045,0.13538882122224638,ensemble,79.0 <= temp_max <= 80.0 @ WASHINGTON on 2026-06-03,2026-06-04T20:05:52Z,no,-1.71,bet
20260602T205404Z944869,2026-06-02T20:54:05Z,KXHIGHTDC-26JUN03-B85.5,KXHIGHTDC-26JUN03,2026-06-03,YES,2.85,0.165,0.1254341859929178,0.165,-0.0395658140070822,ensemble,85.0 <= temp_max <= 86.0 @ WASHINGTON on 2026-06-03,2026-06-04T20:05:52Z,no,-2.81,bet
20260602T205405Z360894,2026-06-02T20:54:08Z,KXHIGHTBOS-26JUN03-B76.5,KXHIGHTBOS-26JUN03,2026-06-03,NO,21.52,0.22999999999999998,0.11483053108126749,0.22999999999999998,-0.11516946891873249,ensemble,76.0 <= temp_max <= 77.0 @ BOSTON on 2026-06-03,2026-06-04T20:05:52Z,no,6.21,bet
20260602T205408Z890587,2026-06-02T20:54:09Z,KXHIGHTBOS-26JUN03-B78.5,KXHIGHTBOS-26JUN03,2026-06-03,NO,21.52,0.16999999999999998,0.09636854259600909,0.16999999999999998,-0.0736314574039909,ensemble,78.0 <= temp_max <= 79.0 @ BOSTON on 2026-06-03,2026-06-04T20:05:52Z,no,4.25,bet
20260602T205409Z328465,2026-06-02T20:54:09Z,KXHIGHTPHX-26JUN03-B107.5,KXHIGHTPHX-26JUN03,2026-06-03,NO,8.06,0.495,0.16086678399673418,0.495,-0.33413321600326584,ensemble,107.0 <= temp_max <= 108.0 @ PHOENIX on 2026-06-03,2026-06-04T20:05:52Z,yes,-7.58,bet
20260602T205409Z754912,2026-06-02T20:54:09Z,KXHIGHTSEA-26JUN03-B73.5,KXHIGHTSEA-26JUN03,2026-06-03,NO,21.52,0.315,0.06061214158946397,0.315,-0.254387858410536,ensemble,73.0 <= temp_max <= 74.0 @ SEATTLE on 2026-06-03,2026-06-04T20:05:52Z,no,9.76,bet
20260602T205409Z917076,2026-06-02T20:54:10Z,KXHIGHTSEA-26JUN03-B71.5,KXHIGHTSEA-26JUN03,2026-06-03,NO,15.65,0.325,0.09564325031302454,0.325,-0.22935674968697548,ensemble,71.0 <= temp_max <= 72.0 @ SEATTLE on 2026-06-03,2026-06-04T20:05:52Z,no,7.47,bet
20260603T205533Z932729,2026-06-03T20:55:34Z,KXLOWTNYC-26JUN04-B63.5,KXLOWTNYC-26JUN04,2026-06-04,NO,21.42,0.425,0.2021533746764841,0.425,-0.2228466253235159,ensemble,63.0 <= temp_min <= 64.0 @ NYC on 2026-06-04,2026-06-05T20:12:47Z,yes,-21.27,bet
20260603T205534Z588727,2026-06-03T20:55:34Z,KXLOWTNYC-26JUN04-B61.5,KXLOWTNYC-26JUN04,2026-06-04,NO,18.92,0.345,0.18971244178193203,0.345,-0.15528755821806794,ensemble,61.0 <= temp_min <= 62.0 @ NYC on 2026-06-04,2026-06-05T20:12:47Z,no,9.66,bet
20260604T200555Z307178,2026-06-04T20:05:58Z,KXLOWTNYC-26JUN05-B66.5,KXLOWTNYC-26JUN05,2026-06-05,NO,22.37,0.355,0.1728621410611417,0.355,-0.18213785893885828,ensemble,66.0 <= temp_min <= 67.0 @ NYC on 2026-06-05,2026-06-08T20:36:22Z,yes,-21.93,bet
20260604T200558Z843092,2026-06-04T20:05:58Z,KXLOWTNYC-26JUN05-B64.5,KXLOWTNYC-26JUN05,2026-06-05,NO,22.37,0.315,0.19361025617956862,0.315,-0.12138974382043138,ensemble,64.0 <= temp_min <= 65.0 @ NYC on 2026-06-05,2026-06-08T20:36:22Z,no,10.08,bet
20260604T200558Z999171,2026-06-04T20:05:59Z,KXLOWTNYC-26JUN05-B68.5,KXLOWTNYC-26JUN05,2026-06-05,NO,22.37,0.225,0.1260794979803373,0.225,-0.09892050201966271,ensemble,68.0 <= temp_min <= 69.0 @ NYC on 2026-06-05,2026-06-08T20:36:22Z,no,6.3,bet
20260604T200603Z836822,2026-06-04T20:06:07Z,KXLOWTLAX-26JUN05-B61.5,KXLOWTLAX-26JUN05,2026-06-05,NO,22.37,0.46499999999999997,0.3129649625848838,0.46499999999999997,-0.15203503741511615,ensemble,61.0 <= temp_min <= 62.0 @ LOSANGELES on 2026-06-05,2026-06-08T20:36:22Z,no,19.06,bet
20260604T200607Z659676,2026-06-04T20:06:07Z,KXLOWTLAX-26JUN05-B59.5,KXLOWTLAX-26JUN05,2026-06-05,NO,22.37,0.37,0.22999379875600148,0.37,-0.1400062012439985,ensemble,59.0 <= temp_min <= 60.0 @ LOSANGELES on 2026-06-05,2026-06-08T20:36:22Z,no,12.95,bet
20260604T200607Z816864,2026-06-04T20:06:07Z,KXLOWTLAX-26JUN05-B63.5,KXLOWTLAX-26JUN05,2026-06-05,YES,4.6,0.135,0.2403613560378825,0.135,0.10536135603788249,ensemble,63.0 <= temp_min <= 64.0 @ LOSANGELES on 2026-06-05,2026-06-08T20:36:22Z,yes,29.41,bet
20260604T200612Z745812,2026-06-04T20:06:13Z,KXLOWTSFO-26JUN05-B52.5,KXLOWTSFO-26JUN05,2026-06-05,NO,22.37,0.49,0.31875523707912296,0.49,-0.17124476292087704,ensemble,52.0 <= temp_min <= 53.0 @ SANFRANCISCO on 2026-06-05,2026-06-08T20:36:23Z,yes,-21.93,bet
20260604T200613Z682962,2026-06-04T20:06:13Z,KXLOWTSFO-26JUN05-B50.5,KXLOWTSFO-26JUN05,2026-06-05,YES,4.52,0.16,0.24483828124755858,0.16,0.08483828124755857,ensemble,50.0 <= temp_min <= 51.0 @ SANFRANCISCO on 2026-06-05,2026-06-08T20:36:23Z,no,-4.48,bet
20260604T200658Z084588,2026-06-04T20:07:09Z,KXLOWTCHI-26JUN05-B69.5,KXLOWTCHI-26JUN05,2026-06-05,NO,22.37,0.44,0.1464215858514007,0.44,-0.2935784141485993,ensemble,69.0 <= temp_min <= 70.0 @ CHICAGO on 2026-06-05,2026-06-08T20:36:23Z,no,17.16,bet
20260604T200709Z474986,2026-06-04T20:07:09Z,KXLOWTCHI-26JUN05-B67.5,KXLOWTCHI-26JUN05,2026-06-05,YES,3.41,0.14500000000000002,0.13517866937924175,0.14500000000000002,-0.009821330620758267,ensemble,67.0 <= temp_min <= 68.0 @ CHICAGO on 2026-06-05,2026-06-08T20:36:23Z,no,-3.34,bet
20260604T200714Z362578,2026-06-04T20:07:21Z,KXLOWTDC-26JUN05-B64.5,KXLOWTDC-26JUN05,2026-06-05,NO,22.37,0.475,0.18853028509540434,0.475,-0.2864697149045956,ensemble,64.0 <= temp_min <= 65.0 @ WASHINGTON on 2026-06-05,2026-06-08T20:36:23Z,yes,-22.05,bet
20260604T200721Z932511,2026-06-04T20:07:29Z,KXLOWTDC-26JUN05-B62.5,KXLOWTDC-26JUN05,2026-06-05,NO,22.37,0.29000000000000004,0.12484335229408261,0.29000000000000004,-0.16515664770591743,ensemble,62.0 <= temp_min <= 63.0 @ WASHINGTON on 2026-06-05,2026-06-08T20:36:23Z,no,8.99,bet
20260604T200806Z817237,2026-06-04T20:08:11Z,KXLOWTBOS-26JUN05-B59.5,KXLOWTBOS-26JUN05,2026-06-05,YES,1.47,0.04,0.16599973203768328,0.04,0.12599973203768328,ensemble,59.0 <= temp_min <= 60.0 @ BOSTON on 2026-06-05,2026-06-08T20:36:23Z,no,-1.44,bet
20260604T200815Z576930,2026-06-04T20:08:23Z,KXLOWTMIA-26JUN05-B74.5,KXLOWTMIA-26JUN05,2026-06-05,NO,22.37,0.5,0.1825169223039162,0.5,-0.3174830776960838,ensemble,74.0 <= temp_min <= 75.0 @ MIAMI on 2026-06-05,2026-06-08T20:36:23Z,no,22.0,bet
20260604T200823Z143006,2026-06-04T20:08:30Z,KXLOWTMIA-26JUN05-B76.5,KXLOWTMIA-26JUN05,2026-06-05,YES,13.94,0.18,0.4070313946076135,0.18,0.2270313946076135,ensemble,76.0 <= temp_min <= 77.0 @ MIAMI on 2026-06-05,2026-06-08T20:36:23Z,yes,63.14,bet
20260604T200830Z592331,2026-06-04T20:08:38Z,KXLOWTMIA-26JUN05-B72.5,KXLOWTMIA-26JUN05,2026-06-05,NO,22.37,0.16999999999999998,0.034983615877747044,0.16999999999999998,-0.13501638412225295,ensemble,72.0 <= temp_min <= 73.0 @ MIAMI on 2026-06-05,2026-06-08T20:36:23Z,no,4.42,bet
20260604T200904Z443958,2026-06-04T20:09:08Z,KXLOWTPHX-26JUN05-B77.5,KXLOWTPHX-26JUN05,2026-06-05,YES,1.07,0.045000000000000005,0.12643572803029687,0.045000000000000005,0.08143572803029686,ensemble,77.0 <= temp_min <= 78.0 @ PHOENIX on 2026-06-05,2026-06-08T20:36:24Z,no,-1.04,bet
20260604T200909Z163589,2026-06-04T20:09:16Z,KXLOWTDEN-26JUN05-B53.5,KXLOWTDEN-26JUN05,2026-06-05,NO,20.15,0.225,0.09204853571221372,0.225,-0.1329514642877863,ensemble,53.0 <= temp_min <= 54.0 @ DENVER on 2026-06-05,2026-06-08T20:36:24Z,yes,-19.38,bet
20260605T201403Z337584,2026-06-05T20:14:25Z,KXLOWTNYC-26JUN06-B71.5,KXLOWTNYC-26JUN06,2026-06-06,NO,22.14,0.54,0.2564745541993043,0.54,-0.2835254458006957,ensemble,71.0 <= temp_min <= 72.0 @ NYC on 2026-06-06,2026-06-08T20:36:24Z,no,25.92,bet
20260605T201425Z472610,2026-06-05T20:14:47Z,KXLOWTNYC-26JUN06-B73.5,KXLOWTNYC-26JUN06,2026-06-06,YES,3.38,0.105,0.20906646236318582,0.105,0.10406646236318583,ensemble,73.0 <= temp_min <= 74.0 @ NYC on 2026-06-06,2026-06-08T20:36:24Z,no,-3.36,bet
20260605T201447Z599041,2026-06-05T20:15:09Z,KXLOWTNYC-26JUN06-B69.5,KXLOWTNYC-26JUN06,2026-06-06,NO,11.34,0.315,0.24623276977079214,0.315,-0.06876723022920786,ensemble,69.0 <= temp_min <= 70.0 @ NYC on 2026-06-06,2026-06-08T20:36:24Z,no,5.04,bet
20260608T203624Z688759,2026-06-08T20:36:24Z,KXLOWTNYC-26JUN09-B56.5,KXLOWTNYC-26JUN09,2026-06-09,NO,24.65,0.30500000000000005,0.15653752140804233,0.30500000000000005,-0.14846247859195771,ensemble,56.0 <= temp_min <= 57.0 @ NYC on 2026-06-09,2026-06-11T13:35:01Z,no,10.68,bet
20260608T203624Z844820,2026-06-08T20:36:24Z,KXLOWTNYC-26JUN09-B58.5,KXLOWTNYC-26JUN09,2026-06-09,NO,24.65,0.37,0.2244012452805411,0.37,-0.1455987547194589,ensemble,58.0 <= temp_min <= 59.0 @ NYC on 2026-06-09,2026-06-11T13:35:01Z,no,14.43,bet
20260608T203625Z210245,2026-06-08T20:36:25Z,KXLOWTLAX-26JUN09-B59.5,KXLOWTLAX-26JUN09,2026-06-09,NO,24.65,0.305,0.232560665096855,0.305,-0.072439334903145,ensemble,59.0 <= temp_min <= 60.0 @ LOSANGELES on 2026-06-09,2026-06-11T13:35:01Z,no,10.67,bet
20260608T203625Z564030,2026-06-08T20:36:25Z,KXLOWTSFO-26JUN09-B56.5,KXLOWTSFO-26JUN09,2026-06-09,NO,24.65,0.43,0.32105977113079553,0.43,-0.10894022886920446,ensemble,56.0 <= temp_min <= 57.0 @ SANFRANCISCO on 2026-06-09,2026-06-11T13:35:01Z,no,18.49,bet
20260608T203625Z718756,2026-06-08T20:36:25Z,KXLOWTSFO-26JUN09-B52.5,KXLOWTSFO-26JUN09,2026-06-09,YES,0.93,0.05,0.10706689903026403,0.05,0.05706689903026403,ensemble,52.0 <= temp_min <= 53.0 @ SANFRANCISCO on 2026-06-09,2026-06-11T13:35:01Z,no,-0.9,bet
20260608T203626Z087808,2026-06-08T20:36:26Z,KXLOWTCHI-26JUN09-B71.5,KXLOWTCHI-26JUN09,2026-06-09,NO,24.65,0.445,0.165291562190175,0.445,-0.279708437809825,ensemble,71.0 <= temp_min <= 72.0 @ CHICAGO on 2026-06-09,2026-06-11T13:35:01Z,yes,-24.42,bet
20260608T203626Z441434,2026-06-08T20:36:26Z,KXLOWTDC-26JUN09-B57.5,KXLOWTDC-26JUN09,2026-06-09,NO,24.65,0.33499999999999996,0.18026856628662968,0.33499999999999996,-0.15473143371337028,ensemble,57.0 <= temp_min <= 58.0 @ WASHINGTON on 2026-06-09,2026-06-11T13:35:01Z,no,12.39,bet
20260608T203626Z597487,2026-06-08T20:36:26Z,KXLOWTDC-26JUN09-B59.5,KXLOWTDC-26JUN09,2026-06-09,NO,24.65,0.35,0.21907736206505857,0.35,-0.1309226379349414,ensemble,59.0 <= temp_min <= 60.0 @ WASHINGTON on 2026-06-09,2026-06-11T13:35:01Z,no,12.95,bet
20260608T203627Z155059,2026-06-08T20:36:27Z,KXLOWTMIA-26JUN09-B77.5,KXLOWTMIA-26JUN09,2026-06-09,NO,24.65,0.51,0.21072347046044732,0.51,-0.2992765295395527,ensemble,77.0 <= temp_min <= 78.0 @ MIAMI on 2026-06-09,2026-06-11T13:35:01Z,yes,-24.5,bet
20260608T203627Z310600,2026-06-08T20:36:27Z,KXLOWTMIA-26JUN09-B79.5,KXLOWTMIA-26JUN09,2026-06-09,NO,24.65,0.425,0.331431178760977,0.425,-0.09356882123902299,ensemble,79.0 <= temp_min <= 80.0 @ MIAMI on 2026-06-09,2026-06-11T13:35:02Z,no,17.85,bet
20260608T203627Z666353,2026-06-08T20:36:27Z,KXLOWTPHX-26JUN09-B76.5,KXLOWTPHX-26JUN09,2026-06-09,YES,1.97,0.065,0.15692577692383075,0.065,0.09192577692383075,ensemble,76.0 <= temp_min <= 77.0 @ PHOENIX on 2026-06-09,2026-06-11T13:35:02Z,no,-1.95,bet
20260608T203628Z033924,2026-06-08T20:36:28Z,KXLOWTDEN-26JUN09-B57.5,KXLOWTDEN-26JUN09,2026-06-09,NO,24.65,0.39,0.1402806114144503,0.39,-0.2497193885855497,ensemble,57.0 <= temp_min <= 58.0 @ DENVER on 2026-06-09,2026-06-11T13:35:02Z,no,15.6,bet
20260608T203628Z191698,2026-06-08T20:36:28Z,KXLOWTDEN-26JUN09-B55.5,KXLOWTDEN-26JUN09,2026-06-09,NO,24.65,0.245,0.11001223176673759,0.245,-0.13498776823326242,ensemble,55.0 <= temp_min <= 56.0 @ DENVER on 2026-06-09,2026-06-11T13:35:02Z,yes,-24.16,bet
20260608T203712Z387242,2026-06-08T20:37:34Z,KXLOWTSEA-26JUN09-B47.5,KXLOWTSEA-26JUN09,2026-06-09,YES,1.54,0.035,0.17240256776600998,0.035,0.13740256776600998,ensemble,47.0 <= temp_min <= 48.0 @ SEATTLE on 2026-06-09,2026-06-11T13:35:02Z,no,-1.51,bet
20260608T203734Z315979,2026-06-08T20:37:56Z,KXLOWTSEA-26JUN09-B49.5,KXLOWTSEA-26JUN09,2026-06-09,YES,7.51,0.16,0.28801915346858276,0.16,0.12801915346858275,ensemble,49.0 <= temp_min <= 50.0 @ SEATTLE on 2026-06-09,2026-06-11T13:35:02Z,no,-7.36,bet
20260608T203756Z242407,2026-06-08T20:38:18Z,KXLOWTSEA-26JUN09-B51.5,KXLOWTSEA-26JUN09,2026-06-09,NO,24.65,0.435,0.3195450649412959,0.435,-0.11545493505870408,ensemble,51.0 <= temp_min <= 52.0 @ SEATTLE on 2026-06-09,2026-06-11T13:35:02Z,yes,-24.29,bet
20260608T203818Z381972,2026-06-08T20:38:18Z,KXHIGHTSFO-26JUN09-B68.5,KXHIGHTSFO-26JUN09,2026-06-09,NO,24.65,0.365,0.10663315570064008,0.365,-0.2583668442993599,ensemble,68.0 <= temp_max <= 69.0 @ SANFRANCISCO on 2026-06-09,2026-06-11T13:35:02Z,yes,-24.13,bet
20260608T203818Z538362,2026-06-08T20:38:18Z,KXHIGHTSFO-26JUN09-B66.5,KXHIGHTSFO-26JUN09,2026-06-09,NO,24.65,0.305,0.1058420080970641,0.305,-0.1991579919029359,ensemble,66.0 <= temp_max <= 67.0 @ SANFRANCISCO on 2026-06-09,2026-06-11T13:35:02Z,no,10.67,bet
20260608T203818Z898549,2026-06-08T20:38:19Z,KXHIGHTDC-26JUN09-B83.5,KXHIGHTDC-26JUN09,2026-06-09,NO,12.7,0.28500000000000003,0.15647190613297102,0.28500000000000003,-0.12852809386702901,ensemble,83.0 <= temp_max <= 84.0 @ WASHINGTON on 2026-06-09,2026-06-11T13:35:02Z,yes,-12.15,bet
20260611T205411Z735319,2026-06-11T20:54:42Z,KXLOWTNYC-26JUN12-B71.5,KXLOWTNYC-26JUN12,2026-06-12,YES,24.22,0.055,0.17667509749022825,0.055,0.12167509749022826,ensemble,71.0 <= temp_min <= 72.0 @ NYC on 2026-06-12,2026-06-13T19:56:15Z,yes,415.8,bet
20260611T205442Z103696,2026-06-11T20:55:11Z,KXLOWTNYC-26JUN12-B75.5,KXLOWTNYC-26JUN12,2026-06-12,NO,24.22,0.38,0.2894298964825293,0.38,-0.09057010351747069,ensemble,75.0 <= temp_min <= 76.0 @ NYC on 2026-06-12,2026-06-13T19:56:16Z,no,14.82,bet
20260611T205511Z790597,2026-06-11T20:55:41Z,KXLOWTNYC-26JUN12-B69.5,KXLOWTNYC-26JUN12,2026-06-12,YES,24.0,0.025,0.10230871908956568,0.025,0.07730871908956569,ensemble,69.0 <= temp_min <= 70.0 @ NYC on 2026-06-12,2026-06-13T19:56:16Z,no,-23.98,bet
20260611T205626Z198476,2026-06-11T20:56:56Z,KXLOWTLAX-26JUN12-B63.5,KXLOWTLAX-26JUN12,2026-06-12,NO,24.22,0.38,0.2609634947626017,0.38,-0.11903650523739828,ensemble,63.0 <= temp_min <= 64.0 @ LOSANGELES on 2026-06-12,2026-06-13T19:56:16Z,yes,-24.18,bet
20260611T205656Z022511,2026-06-11T20:57:25Z,KXLOWTLAX-26JUN12-B61.5,KXLOWTLAX-26JUN12,2026-06-12,YES,24.22,0.055,0.1641099480585721,0.055,0.1091099480585721,ensemble,61.0 <= temp_min <= 62.0 @ LOSANGELES on 2026-06-12,2026-06-13T19:56:16Z,no,-24.2,bet
20260611T205725Z693038,2026-06-11T20:57:55Z,KXLOWTLAX-26JUN12-B59.5,KXLOWTLAX-26JUN12,2026-06-12,YES,19.63,0.03,0.09289614391624289,0.03,0.06289614391624289,ensemble,59.0 <= temp_min <= 60.0 @ LOSANGELES on 2026-06-12,2026-06-13T19:56:16Z,no,-19.62,bet
20260611T205839Z944806,2026-06-11T20:59:09Z,KXLOWTSFO-26JUN12-B57.5,KXLOWTSFO-26JUN12,2026-06-12,NO,24.22,0.405,0.22892030380100895,0.405,-0.17607969619899108,ensemble,57.0 <= temp_min <= 58.0 @ SANFRANCISCO on 2026-06-12,2026-06-13T19:56:16Z,no,16.2,bet
20260611T205909Z633506,2026-06-11T20:59:39Z,KXLOWTSFO-26JUN12-B55.5,KXLOWTSFO-26JUN12,2026-06-12,YES,24.22,0.07,0.17983435674564763,0.07,0.10983435674564762,ensemble,55.0 <= temp_min <= 56.0 @ SANFRANCISCO on 2026-06-12,2026-06-13T19:56:16Z,yes,320.85,bet
20260611T205939Z312725,2026-06-11T21:00:05Z,KXLOWTSFO-26JUN12-B53.5,KXLOWTSFO-26JUN12,2026-06-12,YES,24.22,0.025,0.12436906164059837,0.025,0.09936906164059836,ensemble,53.0 <= temp_min <= 54.0 @ SANFRANCISCO on 2026-06-12,2026-06-13T19:56:17Z,no,-24.2,bet
20260611T210006Z435694,2026-06-11T21:00:11Z,KXLOWTCHI-26JUN12-B59.5,KXLOWTCHI-26JUN12,2026-06-12,NO,24.22,0.255,0.1379402039858713,0.255,-0.11705979601412869,ensemble,59.0 <= temp_min <= 60.0 @ CHICAGO on 2026-06-12,2026-06-13T19:56:17Z,no,8.16,bet
20260611T210055Z795554,2026-06-11T21:01:07Z,KXLOWTDC-26JUN12-B71.5,KXLOWTDC-26JUN12,2026-06-12,YES,24.22,0.065,0.19867813904901643,0.065,0.13367813904901643,ensemble,71.0 <= temp_min <= 72.0 @ WASHINGTON on 2026-06-12,2026-06-13T19:56:17Z,yes,347.82,bet
20260611T210107Z726419,2026-06-11T21:01:07Z,KXLOWTDC-26JUN12-B69.5,KXLOWTDC-26JUN12,2026-06-12,YES,24.22,0.05,0.0931608910976097,0.05,0.04316089109760969,ensemble,69.0 <= temp_min <= 70.0 @ WASHINGTON on 2026-06-12,2026-06-13T19:56:17Z,no,-24.2,bet
20260611T210107Z869923,2026-06-11T21:01:08Z,KXLOWTDC-26JUN12-B73.5,KXLOWTDC-26JUN12,2026-06-12,NO,24.22,0.30000000000000004,0.1833149930620599,0.30000000000000004,-0.11668500693794015,ensemble,73.0 <= temp_min <= 74.0 @ WASHINGTON on 2026-06-12,2026-06-13T19:56:17Z,no,10.2,bet
20260611T210108Z256111,2026-06-11T21:01:08Z,KXLOWTBOS-26JUN12-B68.5,KXLOWTBOS-26JUN12,2026-06-12,NO,24.22,0.25,0.1186973119085803,0.25,-0.1313026880914197,ensemble,68.0 <= temp_min <= 69.0 @ BOSTON on 2026-06-12,2026-06-13T19:56:17Z,yes,-24.0,bet
20260611T210108Z400354,2026-06-11T21:01:08Z,KXLOWTBOS-26JUN12-B70.5,KXLOWTBOS-26JUN12,2026-06-12,NO,12.31,0.275,0.14718516806303597,0.275,-0.12781483193696405,ensemble,70.0 <= temp_min <= 71.0 @ BOSTON on 2026-06-12,2026-06-13T19:56:18Z,no,4.4,bet
20260611T210114Z559351,2026-06-11T21:01:22Z,KXLOWTMIA-26JUN12-B78.5,KXLOWTMIA-26JUN12,2026-06-12,NO,16.67,0.585,0.2749101837123687,0.585,-0.31008981628763127,ensemble,78.0 <= temp_min <= 79.0 @ MIAMI on 2026-06-12,2026-06-13T19:56:18Z,yes,-16.6,bet
20260613T195734Z219739,2026-06-13T19:58:04Z,KXLOWTNYC-26JUN14-B72.5,KXLOWTNYC-26JUN14,2026-06-14,YES,43.36,0.16499999999999998,0.30837431637847484,0.16499999999999998,0.14337431637847486,ensemble,72.0 <= temp_min <= 73.0 @ NYC on 2026-06-14,2026-06-15T21:12:52Z,no,-43.23,bet
20260613T195804Z709642,2026-06-13T19:58:34Z,KXLOWTNYC-26JUN14-B68.5,KXLOWTNYC-26JUN14,2026-06-14,NO,43.36,0.305,0.1733265372263294,0.305,-0.1316734627736706,ensemble,68.0 <= temp_min <= 69.0 @ NYC on 2026-06-14,2026-06-15T21:12:52Z,no,18.91,bet
20260613T195920Z125408,2026-06-13T19:59:50Z,KXLOWTLAX-26JUN14-B63.5,KXLOWTLAX-26JUN14,2026-06-14,NO,43.36,0.56,0.31345395560661643,0.56,-0.24654604439338362,ensemble,63.0 <= temp_min <= 64.0 @ LOSANGELES on 2026-06-14,2026-06-15T21:12:52Z,no,54.88,bet
20260613T195950Z582112,2026-06-13T20:00:02Z,KXLOWTLAX-26JUN14-B65.5,KXLOWTLAX-26JUN14,2026-06-14,YES,43.36,0.07500000000000001,0.27708558030593955,0.07500000000000001,0.20208558030593954,ensemble,65.0 <= temp_min <= 66.0 @ LOSANGELES on 2026-06-14,2026-06-15T21:12:52Z,no,-43.35,bet
20260613T200002Z990557,2026-06-13T20:00:03Z,KXLOWTLAX-26JUN14-B59.5,KXLOWTLAX-26JUN14,2026-06-14,YES,43.36,0.04,0.061495792804856474,0.04,0.021495792804856473,ensemble,59.0 <= temp_min <= 60.0 @ LOSANGELES on 2026-06-14,2026-06-15T21:12:52Z,no,-43.32,bet
20260613T200004Z151452,2026-06-13T20:00:11Z,KXLOWTSFO-26JUN14-B56.5,KXLOWTSFO-26JUN14,2026-06-14,NO,43.36,0.5449999999999999,0.21683321039934306,0.5449999999999999,-0.32816678960065687,ensemble,56.0 <= temp_min <= 57.0 @ SANFRANCISCO on 2026-06-14,2026-06-15T21:12:52Z,no,51.77,bet
20260613T200011Z712388,2026-06-13T20:00:19Z,KXLOWTSFO-26JUN14-B58.5,KXLOWTSFO-26JUN14,2026-06-14,YES,39.22,0.16,0.220781896188802,0.16,0.060781896188802004,ensemble,58.0 <= temp_min <= 59.0 @ SANFRANCISCO on 2026-06-14,2026-06-15T21:12:52Z,yes,205.8,bet
20260613T200104Z066724,2026-06-13T20:01:09Z,KXLOWTCHI-26JUN14-B62.5,KXLOWTCHI-26JUN14,2026-06-14,YES,43.36,0.055,0.1369586678473542,0.055,0.0819586678473542,ensemble,62.0 <= temp_min <= 63.0 @ CHICAGO on 2026-06-14,2026-06-15T21:12:52Z,no,-43.34,bet
20260613T200110Z745908,2026-06-13T20:01:18Z,KXLOWTDC-26JUN14-B68.5,KXLOWTDC-26JUN14,2026-06-14,NO,43.36,0.255,0.16843605363905959,0.255,-0.08656394636094042,ensemble,68.0 <= temp_min <= 69.0 @ WASHINGTON on 2026-06-14,2026-06-15T21:12:52Z,no,14.79,bet
20260613T200204Z076267,2026-06-13T20:02:06Z,KXLOWTMIA-26JUN14-B78.5,KXLOWTMIA-26JUN14,2026-06-14,NO,43.36,0.855,0.27059151917649676,0.855,-0.5844084808235033,ensemble,78.0 <= temp_min <= 79.0 @ MIAMI on 2026-06-14,2026-06-15T21:12:52Z,no,255.64,bet
20260613T200206Z691105,2026-06-13T20:02:06Z,KXLOWTMIA-26JUN14-B76.5,KXLOWTMIA-26JUN14,2026-06-14,YES,43.36,0.07500000000000001,0.20949361294099464,0.07500000000000001,0.13449361294099463,ensemble,76.0 <= temp_min <= 77.0 @ MIAMI on 2026-06-14,2026-06-15T21:12:52Z,yes,534.65,bet
20260613T200206Z860484,2026-06-13T20:02:07Z,KXLOWTMIA-26JUN14-B74.5,KXLOWTMIA-26JUN14,2026-06-14,YES,43.36,0.025,0.12369664952005384,0.025,0.09869664952005383,ensemble,74.0 <= temp_min <= 75.0 @ MIAMI on 2026-06-14,2026-06-15T21:12:53Z,no,-43.35,bet
20260613T200211Z513927,2026-06-13T20:02:19Z,KXLOWTDEN-26JUN14-B51.5,KXLOWTDEN-26JUN14,2026-06-14,NO,43.36,0.28,0.1553435934436832,0.28,-0.12465640655631682,ensemble,51.0 <= temp_min <= 52.0 @ DENVER on 2026-06-14,2026-06-15T21:12:53Z,yes,-43.2,bet
20260613T200219Z071514,2026-06-13T20:02:26Z,KXLOWTDEN-26JUN14-B47.5,KXLOWTDEN-26JUN14,2026-06-14,NO,43.36,0.175,0.06346434469308176,0.175,-0.11153565530691822,ensemble,47.0 <= temp_min <= 48.0 @ DENVER on 2026-06-14,2026-06-15T21:12:53Z,no,9.1,bet
20260613T200308Z937514,2026-06-13T20:03:09Z,KXLOWTSEA-26JUN14-B56.5,KXLOWTSEA-26JUN14,2026-06-14,YES,43.36,0.05,0.23616001848959592,0.05,0.1861600184895959,ensemble,56.0 <= temp_min <= 57.0 @ SEATTLE on 2026-06-14,2026-06-15T21:12:53Z,no,-43.35,bet
20260613T200309Z099405,2026-06-13T20:03:09Z,KXLOWTSEA-26JUN14-B54.5,KXLOWTSEA-26JUN14,2026-06-14,YES,4.18,0.05,0.14851654797630878,0.05,0.09851654797630878,ensemble,54.0 <= temp_min <= 55.0 @ SEATTLE on 2026-06-14,2026-06-15T21:12:53Z,no,-4.15,bet
20260615T211407Z719186,2026-06-15T21:14:29Z,KXLOWTNYC-26JUN16-B61.5,KXLOWTNYC-26JUN16,2026-06-16,YES,60.13,0.085,0.21548417837273592,0.085,0.1304841783727359,ensemble,61.0 <= temp_min <= 62.0 @ NYC on 2026-06-16,2026-06-17T13:08:25Z,no,-60.1,bet
20260615T211429Z714278,2026-06-15T21:14:51Z,KXLOWTNYC-26JUN16-B57.5,KXLOWTNYC-26JUN16,2026-06-16,NO,60.13,0.37,0.2880991915426806,0.37,-0.0819008084573194,ensemble,57.0 <= temp_min <= 58.0 @ NYC on 2026-06-16,2026-06-17T13:08:26Z,yes,-59.85,bet
20260615T211451Z687632,2026-06-15T21:15:13Z,KXLOWTNYC-26JUN16-B59.5,KXLOWTNYC-26JUN16,2026-06-16,YES,50.71,0.255,0.3052673514746458,0.255,0.05026735147464578,ensemble,59.0 <= temp_min <= 60.0 @ NYC on 2026-06-16,2026-06-17T13:08:26Z,no,-50.49,bet
20260615T211513Z863338,2026-06-15T21:15:14Z,KXLOWTLAX-26JUN16-B63.5,KXLOWTLAX-26JUN16,2026-06-16,YES,60.13,0.26,0.3609026872020626,0.26,0.10090268720206258,ensemble,63.0 <= temp_min <= 64.0 @ LOSANGELES on 2026-06-16,2026-06-17T13:08:26Z,no,-60.06,bet
20260615T211514Z223495,2026-06-15T21:15:14Z,KXLOWTSFO-26JUN16-B55.5,KXLOWTSFO-26JUN16,2026-06-16,NO,60.13,0.435,0.19088460805628518,0.435,-0.24411539194371482,ensemble,55.0 <= temp_min <= 56.0 @ SANFRANCISCO on 2026-06-16,2026-06-17T13:08:26Z,no,46.11,bet
20260615T211514Z383550,2026-06-15T21:15:14Z,KXLOWTSFO-26JUN16-B57.5,KXLOWTSFO-26JUN16,2026-06-16,NO,60.13,0.365,0.20759500614007279,0.365,-0.1574049938599272,ensemble,57.0 <= temp_min <= 58.0 @ SANFRANCISCO on 2026-06-16,2026-06-17T13:08:26Z,yes,-59.69,bet
20260615T211514Z737839,2026-06-15T21:15:14Z,KXLOWTCHI-26JUN16-B58.5,KXLOWTCHI-26JUN16,2026-06-16,NO,60.13,0.38,0.12651549555642913,0.38,-0.25348450444357085,ensemble,58.0 <= temp_min <= 59.0 @ CHICAGO on 2026-06-16,2026-06-17T13:08:26Z,no,36.48,bet
20260615T211514Z897205,2026-06-15T21:15:15Z,KXLOWTCHI-26JUN16-B60.5,KXLOWTCHI-26JUN16,2026-06-16,NO,60.13,0.25,0.15943251028300912,0.25,-0.09056748971699088,ensemble,60.0 <= temp_min <= 61.0 @ CHICAGO on 2026-06-16,2026-06-17T13:08:26Z,yes,-60.0,bet
20260615T211515Z257867,2026-06-15T21:15:15Z,KXLOWTDC-26JUN16-B60.5,KXLOWTDC-26JUN16,2026-06-16,NO,60.13,0.435,0.21571729487833693,0.435,-0.21928270512166306,ensemble,60.0 <= temp_min <= 61.0 @ WASHINGTON on 2026-06-16,2026-06-17T13:08:26Z,yes,-59.89,bet
20260615T211515Z418782,2026-06-15T21:15:15Z,KXLOWTDC-26JUN16-B58.5,KXLOWTDC-26JUN16,2026-06-16,NO,60.13,0.195,0.14257864134374612,0.195,-0.052421358656253886,ensemble,58.0 <= temp_min <= 59.0 @ WASHINGTON on 2026-06-16,2026-06-17T13:08:26Z,no,14.43,bet
20260615T211515Z774267,2026-06-15T21:15:15Z,KXLOWTBOS-26JUN16-B57.5,KXLOWTBOS-26JUN16,2026-06-16,YES,60.13,0.05,0.14515846577482477,0.05,0.09515846577482477,ensemble,57.0 <= temp_min <= 58.0 @ BOSTON on 2026-06-16,2026-06-17T13:08:27Z,no,-60.1,bet
20260615T211516Z135151,2026-06-15T21:15:16Z,KXLOWTMIA-26JUN16-B78.5,KXLOWTMIA-26JUN16,2026-06-16,NO,60.13,0.675,0.3236922566495595,0.675,-0.35130774335044057,ensemble,78.0 <= temp_min <= 79.0 @ MIAMI on 2026-06-16,2026-06-17T20:40:42Z,yes,-60.12,bet
20260615T211516Z534639,2026-06-15T21:15:16Z,KXLOWTPHX-26JUN16-B85.5,KXLOWTPHX-26JUN16,2026-06-16,YES,60.13,0.045,0.18406341169517476,0.045,0.13906341169517478,ensemble,85.0 <= temp_min <= 86.0 @ PHOENIX on 2026-06-16,2026-06-17T13:08:27Z,no,-60.12,bet
20260615T211516Z897758,2026-06-15T21:15:17Z,KXLOWTDEN-26JUN16-B56.5,KXLOWTDEN-26JUN16,2026-06-16,YES,60.13,0.05,0.17551099258762504,0.05,0.12551099258762505,ensemble,56.0 <= temp_min <= 57.0 @ DENVER on 2026-06-16,2026-06-17T13:08:27Z,no,-60.1,bet
20260615T211517Z058529,2026-06-15T21:15:17Z,KXLOWTDEN-26JUN16-B52.5,KXLOWTDEN-26JUN16,2026-06-16,YES,60.13,0.07,0.15442982524800267,0.07,0.08442982524800266,ensemble,52.0 <= temp_min <= 53.0 @ DENVER on 2026-06-16,2026-06-17T13:08:27Z,no,-60.06,bet
20260615T211517Z218371,2026-06-15T21:15:17Z,KXLOWTDEN-26JUN16-B50.5,KXLOWTDEN-26JUN16,2026-06-16,NO,9.38,0.165,0.10304053019625256,0.165,-0.06195946980374745,ensemble,50.0 <= temp_min <= 51.0 @ DENVER on 2026-06-16,2026-06-17T13:08:27Z,no,1.82,bet
20260617T204158Z508229,2026-06-17T20:42:28Z,KXLOWTNYC-26JUN18-B65.5,KXLOWTNYC-26JUN18,2026-06-18,NO,47.89,0.345,0.2227220682600174,0.345,-0.12227793173998258,ensemble,65.0 <= temp_min <= 66.0 @ NYC on 2026-06-18,2026-06-19T20:11:19Z,no,25.18,bet
20260617T204228Z890243,2026-06-17T20:42:58Z,KXLOWTNYC-26JUN18-B67.5,KXLOWTNYC-26JUN18,2026-06-18,NO,47.89,0.39,0.311410685572415,0.39,-0.07858931442758499,ensemble,67.0 <= temp_min <= 68.0 @ NYC on 2026-06-18,2026-06-19T20:11:19Z,yes,-47.58,bet
20260617T204343Z416644,2026-06-17T20:44:13Z,KXLOWTLAX-26JUN18-B62.5,KXLOWTLAX-26JUN18,2026-06-18,NO,47.89,0.485,0.32844449427024747,0.485,-0.15655550572975252,ensemble,62.0 <= temp_min <= 63.0 @ LOSANGELES on 2026-06-18,2026-06-19T20:11:19Z,yes,-47.38,bet
20260617T204413Z296709,2026-06-17T20:44:43Z,KXLOWTLAX-26JUN18-B58.5,KXLOWTLAX-26JUN18,2026-06-18,YES,44.11,0.05,0.11999767968754962,0.05,0.06999767968754962,ensemble,58.0 <= temp_min <= 59.0 @ LOSANGELES on 2026-06-18,2026-06-19T20:11:19Z,no,-44.1,bet
20260617T204527Z672941,2026-06-17T20:45:57Z,KXLOWTSFO-26JUN18-B58.5,KXLOWTSFO-26JUN18,2026-06-18,NO,47.89,0.585,0.3135279757423553,0.585,-0.27147202425764466,ensemble,58.0 <= temp_min <= 59.0 @ SANFRANCISCO on 2026-06-18,2026-06-19T20:11:19Z,yes,-47.73,bet
20260617T204557Z412026,2026-06-17T20:46:27Z,KXLOWTSFO-26JUN18-B54.5,KXLOWTSFO-26JUN18,2026-06-18,YES,47.89,0.035,0.15989682760419505,0.035,0.12489682760419504,ensemble,54.0 <= temp_min <= 55.0 @ SANFRANCISCO on 2026-06-18,2026-06-19T20:11:19Z,no,-47.88,bet
20260617T204627Z152397,2026-06-17T20:46:56Z,KXLOWTSFO-26JUN18-B52.5,KXLOWTSFO-26JUN18,2026-06-18,YES,35.54,0.03,0.08758828232786689,0.03,0.05758828232786689,ensemble,52.0 <= temp_min <= 53.0 @ SANFRANCISCO on 2026-06-18,2026-06-19T20:11:19Z,no,-35.52,bet
20260617T204741Z536661,2026-06-17T20:48:11Z,KXLOWTCHI-26JUN18-B60.5,KXLOWTCHI-26JUN18,2026-06-18,NO,47.89,0.405,0.260853676716995,0.405,-0.14414632328300503,ensemble,60.0 <= temp_min <= 61.0 @ CHICAGO on 2026-06-18,2026-06-19T20:11:19Z,no,32.4,bet
20260617T204811Z280293,2026-06-17T20:48:41Z,KXLOWTCHI-26JUN18-B56.5,KXLOWTCHI-26JUN18,2026-06-18,YES,47.89,0.045,0.12922011296238164,0.045,0.08422011296238165,ensemble,56.0 <= temp_min <= 57.0 @ CHICAGO on 2026-06-18,2026-06-19T20:11:20Z,no,-47.88,bet
20260617T204841Z022357,2026-06-17T20:49:10Z,KXLOWTCHI-26JUN18-B54.5,KXLOWTCHI-26JUN18,2026-06-18,YES,32.77,0.03,0.083093789147785,0.03,0.053093789147784995,ensemble,54.0 <= temp_min <= 55.0 @ CHICAGO on 2026-06-18,2026-06-19T20:11:20Z,no,-32.76,bet
20260617T204955Z398912,2026-06-17T20:50:25Z,KXLOWTDC-26JUN18-B73.5,KXLOWTDC-26JUN18,2026-06-18,NO,47.89,0.44499999999999995,0.30842345339724975,0.44499999999999995,-0.1365765466027502,ensemble,73.0 <= temp_min <= 74.0 @ WASHINGTON on 2026-06-18,2026-06-19T20:11:20Z,yes,-47.73,bet
20260617T205025Z139357,2026-06-17T20:50:54Z,KXLOWTDC-26JUN18-B71.5,KXLOWTDC-26JUN18,2026-06-18,YES,47.89,0.16,0.23563395488062566,0.16,0.07563395488062566,ensemble,71.0 <= temp_min <= 72.0 @ WASHINGTON on 2026-06-18,2026-06-19T20:11:20Z,no,-47.84,bet
20260617T205055Z099007,2026-06-17T20:50:55Z,KXLOWTBOS-26JUN18-B59.5,KXLOWTBOS-26JUN18,2026-06-18,YES,47.89,0.05,0.13445947687688645,0.05,0.08445947687688644,ensemble,59.0 <= temp_min <= 60.0 @ BOSTON on 2026-06-18,2026-06-19T20:11:20Z,no,-47.85,bet
20260617T205140Z583817,2026-06-17T20:52:10Z,KXLOWTMIA-26JUN18-B79.5,KXLOWTMIA-26JUN18,2026-06-18,NO,47.89,0.41500000000000004,0.250452359595037,0.41500000000000004,-0.16454764040496306,ensemble,79.0 <= temp_min <= 80.0 @ MIAMI on 2026-06-18,2026-06-19T20:11:20Z,no,33.62,bet
20260617T205210Z951657,2026-06-17T20:52:40Z,KXLOWTMIA-26JUN18-B77.5,KXLOWTMIA-26JUN18,2026-06-18,YES,47.89,0.07500000000000001,0.18242952298926987,0.07500000000000001,0.10742952298926986,ensemble,77.0 <= temp_min <= 78.0 @ MIAMI on 2026-06-18,2026-06-19T20:11:20Z,no,-47.85,bet
20260617T205240Z692460,2026-06-17T20:53:10Z,KXLOWTMIA-26JUN18-B81.5,KXLOWTMIA-26JUN18,2026-06-18,NO,31.29,0.355,0.266519864967735,0.355,-0.08848013503226498,ensemble,81.0 <= temp_min <= 82.0 @ MIAMI on 2026-06-18,2026-06-19T20:11:20Z,yes,-30.96,bet
20260619T201121Z159095,2026-06-19T20:11:21Z,KXLOWTNYC-26JUN20-B64.5,KXLOWTNYC-26JUN20,2026-06-20,NO,38.26,0.405,0.1858461063502679,0.405,-0.21915389364973212,ensemble,64.0 <= temp_min <= 65.0 @ NYC on 2026-06-20,2026-06-21T20:05:26Z,no,25.92,bet
20260619T201121Z551009,2026-06-19T20:11:21Z,KXLOWTLAX-26JUN20-B60.5,KXLOWTLAX-26JUN20,2026-06-20,NO,38.26,0.445,0.31984238902436096,0.445,-0.12515761097563904,ensemble,60.0 <= temp_min <= 61.0 @ LOSANGELES on 2026-06-20,2026-06-21T20:05:27Z,no,30.26,bet
20260619T201121Z730222,2026-06-19T20:11:21Z,KXLOWTLAX-26JUN20-B58.5,KXLOWTLAX-26JUN20,2026-06-20,NO,38.26,0.33,0.22713474755452087,0.33,-0.10286525244547914,ensemble,58.0 <= temp_min <= 59.0 @ LOSANGELES on 2026-06-20,2026-06-21T20:05:27Z,yes,-38.19,bet
20260619T201122Z108272,2026-06-19T20:11:22Z,KXLOWTSFO-26JUN20-B57.5,KXLOWTSFO-26JUN20,2026-06-20,NO,38.26,0.61,0.36150177082658447,0.61,-0.24849822917341552,ensemble,57.0 <= temp_min <= 58.0 @ SANFRANCISCO on 2026-06-20,2026-06-21T20:05:27Z,no,59.78,bet
20260619T201122Z280685,2026-06-19T20:11:22Z,KXLOWTSFO-26JUN20-B55.5,KXLOWTSFO-26JUN20,2026-06-20,YES,38.26,0.16999999999999998,0.3228137503697997,0.16999999999999998,0.15281375036979972,ensemble,55.0 <= temp_min <= 56.0 @ SANFRANCISCO on 2026-06-20,2026-06-21T20:05:27Z,no,-38.25,bet
20260619T201122Z660588,2026-06-19T20:11:22Z,KXLOWTCHI-26JUN20-B61.5,KXLOWTCHI-26JUN20,2026-06-20,NO,38.26,0.36,0.15612679596426107,0.36,-0.20387320403573891,ensemble,61.0 <= temp_min <= 62.0 @ CHICAGO on 2026-06-20,2026-06-21T20:05:27Z,yes,-37.76,bet
20260619T201122Z832936,2026-06-19T20:11:22Z,KXLOWTCHI-26JUN20-B59.5,KXLOWTCHI-26JUN20,2026-06-20,NO,38.26,0.28,0.15786694800852744,0.28,-0.12213305199147259,ensemble,59.0 <= temp_min <= 60.0 @ CHICAGO on 2026-06-20,2026-06-21T20:05:27Z,no,14.84,bet
20260619T201123Z213795,2026-06-19T20:11:23Z,KXLOWTDC-26JUN20-B65.5,KXLOWTDC-26JUN20,2026-06-20,NO,38.26,0.42000000000000004,0.18553008448807598,0.42000000000000004,-0.23446991551192406,ensemble,65.0 <= temp_min <= 66.0 @ WASHINGTON on 2026-06-20,2026-06-21T20:05:27Z,yes,-37.7,bet
20260619T201123Z386997,2026-06-19T20:11:23Z,KXLOWTDC-26JUN20-B61.5,KXLOWTDC-26JUN20,2026-06-20,YES,34.14,0.035,0.10389472355327514,0.035,0.06889472355327514,ensemble,61.0 <= temp_min <= 62.0 @ WASHINGTON on 2026-06-20,2026-06-21T20:05:27Z,no,-34.12,bet
20260619T201123Z775474,2026-06-19T20:11:23Z,KXLOWTBOS-26JUN20-B58.5,KXLOWTBOS-26JUN20,2026-06-20,YES,30.31,0.035,0.09616154740539493,0.035,0.06116154740539492,ensemble,58.0 <= temp_min <= 59.0 @ BOSTON on 2026-06-20,2026-06-21T20:05:27Z,no,-30.28,bet
20260619T201123Z948838,2026-06-19T20:11:24Z,KXLOWTBOS-26JUN20-B60.5,KXLOWTBOS-26JUN20,2026-06-20,NO,38.26,0.195,0.1442980897381333,0.195,-0.05070191026186671,ensemble,60.0 <= temp_min <= 61.0 @ BOSTON on 2026-06-20,2026-06-21T20:05:27Z,no,9.17,bet
20260619T201124Z547079,2026-06-19T20:11:24Z,KXLOWTPHX-26JUN20-B78.5,KXLOWTPHX-26JUN20,2026-06-20,NO,38.26,0.315,0.14388704378620254,0.315,-0.17111295621379746,ensemble,78.0 <= temp_min <= 79.0 @ PHOENIX on 2026-06-20,2026-06-21T20:05:27Z,no,17.32,bet
20260619T201124Z720504,2026-06-19T20:11:24Z,KXLOWTPHX-26JUN20-B76.5,KXLOWTPHX-26JUN20,2026-06-20,YES,34.18,0.035,0.1039710673603084,0.035,0.06897106736030839,ensemble,76.0 <= temp_min <= 77.0 @ PHOENIX on 2026-06-20,2026-06-21T20:05:27Z,no,-34.16,bet
20260619T201125Z097338,2026-06-19T20:11:25Z,KXLOWTDEN-26JUN20-B57.5,KXLOWTDEN-26JUN20,2026-06-20,YES,38.26,0.065,0.14641380175928845,0.065,0.08141380175928845,ensemble,57.0 <= temp_min <= 58.0 @ DENVER on 2026-06-20,2026-06-21T20:05:27Z,no,-38.22,bet
20260619T201125Z271773,2026-06-19T20:11:25Z,KXLOWTDEN-26JUN20-B55.5,KXLOWTDEN-26JUN20,2026-06-20,NO,38.26,0.195,0.11893616584566272,0.195,-0.07606383415433729,ensemble,55.0 <= temp_min <= 56.0 @ DENVER on 2026-06-20,2026-06-21T20:05:28Z,no,9.17,bet
20260619T201239Z597327,2026-06-19T20:13:01Z,KXLOWTSEA-26JUN20-B53.5,KXLOWTSEA-26JUN20,2026-06-20,NO,16.08,0.5,0.2661410893247006,0.5,-0.2338589106752994,ensemble,53.0 <= temp_min <= 54.0 @ SEATTLE on 2026-06-20,2026-06-21T20:05:28Z,yes,-16.0,bet
20260621T200528Z473083,2026-06-21T20:05:28Z,KXLOWTNYC-26JUN22-B67.5,KXLOWTNYC-26JUN22,2026-06-22,YES,35.49,0.305,0.45969461880360757,0.305,0.15469461880360758,ensemble,67.0 <= temp_min <= 68.0 @ NYC on 2026-06-22,2026-06-23T20:33:19Z,yes,80.62,bet
20260621T200528Z652800,2026-06-21T20:05:28Z,KXLOWTNYC-26JUN22-B65.5,KXLOWTNYC-26JUN22,2026-06-22,NO,35.49,0.345,0.22278192188911655,0.345,-0.12221807811088342,ensemble,65.0 <= temp_min <= 66.0 @ NYC on 2026-06-22,2026-06-23T20:33:19Z,no,18.63,bet
20260621T200528Z824355,2026-06-21T20:05:28Z,KXLOWTNYC-26JUN22-B63.5,KXLOWTNYC-26JUN22,2026-06-22,NO,35.49,0.115,0.03482060058468807,0.115,-0.08017939941531194,ensemble,63.0 <= temp_min <= 64.0 @ NYC on 2026-06-22,2026-06-23T20:33:20Z,no,4.6,bet
20260621T200529Z206082,2026-06-21T20:05:29Z,KXLOWTLAX-26JUN22-B60.5,KXLOWTLAX-26JUN22,2026-06-22,NO,35.49,0.485,0.3363561729222542,0.485,-0.14864382707774576,ensemble,60.0 <= temp_min <= 61.0 @ LOSANGELES on 2026-06-22,2026-06-23T20:33:20Z,no,32.98,bet
20260621T200529Z376887,2026-06-21T20:05:29Z,KXLOWTLAX-26JUN22-B58.5,KXLOWTLAX-26JUN22,2026-06-22,NO,35.49,0.14500000000000002,0.05746806345162357,0.14500000000000002,-0.08753193654837645,ensemble,58.0 <= temp_min <= 59.0 @ LOSANGELES on 2026-06-22,2026-06-23T20:33:20Z,no,5.95,bet
20260621T200529Z754824,2026-06-21T20:05:29Z,KXLOWTSFO-26JUN22-B53.5,KXLOWTSFO-26JUN22,2026-06-22,YES,28.45,0.16499999999999998,0.21854185465720002,0.16499999999999998,0.053541854657200044,ensemble,53.0 <= temp_min <= 54.0 @ SANFRANCISCO on 2026-06-22,2026-06-23T20:33:20Z,no,-28.38,bet
20260621T200530Z126703,2026-06-21T20:05:30Z,KXLOWTCHI-26JUN22-B58.5,KXLOWTCHI-26JUN22,2026-06-22,YES,35.49,0.405,0.5036359108201612,0.405,0.09863591082016121,ensemble,58.0 <= temp_min <= 59.0 @ CHICAGO on 2026-06-22,2026-06-23T20:33:20Z,yes,51.77,bet
20260621T200530Z298103,2026-06-21T20:05:30Z,KXLOWTCHI-26JUN22-B56.5,KXLOWTCHI-26JUN22,2026-06-22,NO,35.49,0.185,0.1271463881303058,0.185,-0.057853611869694205,ensemble,56.0 <= temp_min <= 57.0 @ CHICAGO on 2026-06-22,2026-06-23T20:33:20Z,no,7.96,bet
20260621T200530Z670308,2026-06-21T20:05:30Z,KXLOWTDC-26JUN22-B70.5,KXLOWTDC-26JUN22,2026-06-22,NO,35.49,0.365,0.2775101599280609,0.365,-0.0874898400719391,ensemble,70.0 <= temp_min <= 71.0 @ WASHINGTON on 2026-06-22,2026-06-23T20:33:20Z,no,20.08,bet
20260621T200531Z053721,2026-06-21T20:05:31Z,KXLOWTBOS-26JUN22-B58.5,KXLOWTBOS-26JUN22,2026-06-22,NO,35.49,0.19,0.08634604332556546,0.19,-0.10365395667443454,ensemble,58.0 <= temp_min <= 59.0 @ BOSTON on 2026-06-22,2026-06-23T20:33:20Z,no,8.17,bet
20260621T200531Z425185,2026-06-21T20:05:31Z,KXLOWTMIA-26JUN22-B76.5,KXLOWTMIA-26JUN22,2026-06-22,NO,35.49,0.32,0.07119716701032283,0.32,-0.24880283298967718,ensemble,76.0 <= temp_min <= 77.0 @ MIAMI on 2026-06-22,2026-06-23T20:33:20Z,no,16.64,bet
20260621T200531Z596955,2026-06-21T20:05:31Z,KXLOWTMIA-26JUN22-B80.5,KXLOWTMIA-26JUN22,2026-06-22,YES,35.49,0.2,0.395948375196942,0.2,0.19594837519694197,ensemble,80.0 <= temp_min <= 81.0 @ MIAMI on 2026-06-22,2026-06-23T20:33:20Z,no,-35.4,bet
20260621T200531Z780104,2026-06-21T20:05:31Z,KXLOWTMIA-26JUN22-B78.5,KXLOWTMIA-26JUN22,2026-06-22,NO,35.49,0.375,0.23085260253317197,0.375,-0.14414739746682803,ensemble,78.0 <= temp_min <= 79.0 @ MIAMI on 2026-06-22,2026-06-23T20:33:21Z,no,21.0,bet
20260621T200532Z164990,2026-06-21T20:05:32Z,KXLOWTPHX-26JUN22-B79.5,KXLOWTPHX-26JUN22,2026-06-22,NO,35.49,0.28500000000000003,0.15350873166232998,0.28500000000000003,-0.13149126833767005,ensemble,79.0 <= temp_min <= 80.0 @ PHOENIX on 2026-06-22,2026-06-23T20:33:21Z,yes,-35.03,bet
20260621T200532Z540506,2026-06-21T20:05:32Z,KXLOWTDEN-26JUN22-B52.5,KXLOWTDEN-26JUN22,2026-06-22,NO,35.49,0.27,0.05299052598440069,0.27,-0.21700947401559934,ensemble,52.0 <= temp_min <= 53.0 @ DENVER on 2026-06-22,2026-06-23T20:33:21Z,yes,-35.04,bet
20260621T200532Z718456,2026-06-21T20:05:32Z,KXLOWTDEN-26JUN22-B56.5,KXLOWTDEN-26JUN22,2026-06-22,YES,7.05,0.060000000000000005,0.22499033120837025,0.060000000000000005,0.16499033120837026,ensemble,56.0 <= temp_min <= 57.0 @ DENVER on 2026-06-22,2026-06-23T20:33:21Z,no,-7.02,bet
20260623T203436Z098384,2026-06-23T20:35:05Z,KXLOWTNYC-26JUN24-B61.5,KXLOWTNYC-26JUN24,2026-06-24,NO,38.04,0.32999999999999996,0.16924755343494086,0.32999999999999996,-0.1607524465650591,ensemble,61.0 <= temp_min <= 62.0 @ NYC on 2026-06-24,2026-06-25T20:28:17Z,no,18.48,bet
20260623T203505Z409753,2026-06-23T20:35:34Z,KXLOWTNYC-26JUN24-B63.5,KXLOWTNYC-26JUN24,2026-06-24,YES,38.04,0.35,0.4818189987356222,0.35,0.1318189987356222,ensemble,63.0 <= temp_min <= 64.0 @ NYC on 2026-06-24,2026-06-25T20:28:17Z,yes,70.2,bet
20260623T203618Z507956,2026-06-23T20:36:47Z,KXLOWTLAX-26JUN24-B63.5,KXLOWTLAX-26JUN24,2026-06-24,YES,38.04,0.16999999999999998,0.5365863039680996,0.16999999999999998,0.3665863039680996,ensemble,63.0 <= temp_min <= 64.0 @ LOSANGELES on 2026-06-24,2026-06-25T20:28:18Z,no,-37.91,bet
20260623T203647Z806202,2026-06-23T20:37:16Z,KXLOWTLAX-26JUN24-B59.5,KXLOWTLAX-26JUN24,2026-06-24,NO,38.04,0.255,0.07020417592694675,0.255,-0.18479582407305326,ensemble,59.0 <= temp_min <= 60.0 @ LOSANGELES on 2026-06-24,2026-06-25T20:28:18Z,no,13.01,bet
20260623T203800Z801192,2026-06-23T20:38:29Z,KXLOWTSFO-26JUN24-B54.5,KXLOWTSFO-26JUN24,2026-06-24,YES,38.04,0.55,0.6049968026763851,0.55,0.05499680267638507,ensemble,54.0 <= temp_min <= 55.0 @ SANFRANCISCO on 2026-06-24,2026-06-25T20:28:18Z,yes,31.05,bet
20260623T203913Z793724,2026-06-23T20:39:42Z,KXLOWTCHI-26JUN24-B56.5,KXLOWTCHI-26JUN24,2026-06-24,NO,38.04,0.275,0.06230177097268965,0.275,-0.21269822902731036,ensemble,56.0 <= temp_min <= 57.0 @ CHICAGO on 2026-06-24,2026-06-25T20:28:18Z,no,14.3,bet
20260623T203943Z001736,2026-06-23T20:40:12Z,KXLOWTCHI-26JUN24-B58.5,KXLOWTCHI-26JUN24,2026-06-24,NO,38.04,0.385,0.28274825591419905,0.385,-0.10225174408580096,ensemble,58.0 <= temp_min <= 59.0 @ CHICAGO on 2026-06-24,2026-06-25T20:28:18Z,no,23.48,bet
20260623T204055Z989656,2026-06-23T20:41:25Z,KXLOWTDC-26JUN24-B61.5,KXLOWTDC-26JUN24,2026-06-24,YES,29.52,0.16499999999999998,0.21683797836852162,0.16499999999999998,0.05183797836852164,ensemble,61.0 <= temp_min <= 62.0 @ WASHINGTON on 2026-06-24,2026-06-25T20:28:18Z,no,-29.37,bet
20260623T204125Z418484,2026-06-23T20:41:25Z,KXLOWTBOS-26JUN24-B60.5,KXLOWTBOS-26JUN24,2026-06-24,NO,38.04,0.155,0.08667547291735413,0.155,-0.06832452708264587,ensemble,60.0 <= temp_min <= 61.0 @ BOSTON on 2026-06-24,2026-06-25T20:28:18Z,no,6.98,bet
20260623T204209Z884884,2026-06-23T20:42:39Z,KXLOWTMIA-26JUN24-B80.5,KXLOWTMIA-26JUN24,2026-06-24,YES,38.04,0.20500000000000002,0.3400428288505985,0.20500000000000002,0.13504282885059848,ensemble,80.0 <= temp_min <= 81.0 @ MIAMI on 2026-06-24,2026-06-25T20:28:18Z,no,-37.93,bet
20260623T204239Z186711,2026-06-23T20:43:08Z,KXLOWTMIA-26JUN24-B76.5,KXLOWTMIA-26JUN24,2026-06-24,NO,38.04,0.29000000000000004,0.157363067650578,0.29000000000000004,-0.13263693234942203,ensemble,76.0 <= temp_min <= 77.0 @ MIAMI on 2026-06-24,2026-06-25T20:28:18Z,no,15.37,bet
20260623T204308Z601648,2026-06-23T20:43:08Z,KXLOWTPHX-26JUN24-B85.5,KXLOWTPHX-26JUN24,2026-06-24,YES,26.85,0.05,0.10363734732148355,0.05,0.05363734732148355,ensemble,85.0 <= temp_min <= 86.0 @ PHOENIX on 2026-06-24,2026-06-25T20:28:19Z,no,-26.8,bet
20260623T204352Z687281,2026-06-23T20:44:21Z,KXLOWTDEN-26JUN24-B59.5,KXLOWTDEN-26JUN24,2026-06-24,YES,38.04,0.15000000000000002,0.5080191472149809,0.15000000000000002,0.35801914721498085,ensemble,59.0 <= temp_min <= 60.0 @ DENVER on 2026-06-24,2026-06-25T20:28:19Z,yes,215.05,bet
20260623T204421Z993393,2026-06-23T20:44:51Z,KXLOWTDEN-26JUN24-B55.5,KXLOWTDEN-26JUN24,2026-06-24,NO,38.04,0.255,0.06138104636475253,0.255,-0.19361895363524748,ensemble,55.0 <= temp_min <= 56.0 @ DENVER on 2026-06-24,2026-06-25T20:28:19Z,no,13.01,bet
20260623T204451Z197639,2026-06-23T20:45:20Z,KXLOWTDEN-26JUN24-B53.5,KXLOWTDEN-26JUN24,2026-06-24,NO,38.04,0.185,0.05875993519223992,0.185,-0.12624006480776007,ensemble,53.0 <= temp_min <= 54.0 @ DENVER on 2026-06-24,2026-06-25T20:28:19Z,no,8.51,bet
20260623T204604Z193698,2026-06-23T20:46:26Z,KXLOWTSEA-26JUN24-B58.5,KXLOWTSEA-26JUN24,2026-06-24,YES,19.73,0.025,0.23477181836365044,0.025,0.20977181836365044,ensemble,58.0 <= temp_min <= 59.0 @ SEATTLE on 2026-06-24,2026-06-25T20:28:19Z,yes,769.27,bet
20260625T202904Z473996,2026-06-25T20:29:34Z,KXLOWTNYC-26JUN26-B68.5,KXLOWTNYC-26JUN26,2026-06-26,YES,59.38,0.365,0.6049968026763837,0.365,0.23999680267638368,ensemble,68.0 <= temp_min <= 69.0 @ NYC on 2026-06-26,2026-06-28T19:47:26Z,no,-59.13,bet
20260625T203018Z173672,2026-06-25T20:30:47Z,KXLOWTLAX-26JUN26-B57.5,KXLOWTLAX-26JUN26,2026-06-26,NO,59.38,0.16999999999999998,0.06084745655505383,0.16999999999999998,-0.10915254344494615,ensemble,57.0 <= temp_min <= 58.0 @ LOSANGELES on 2026-06-26,2026-06-28T19:47:26Z,no,12.07,bet
20260625T203131Z719783,2026-06-25T20:32:00Z,KXLOWTSFO-26JUN26-B57.5,KXLOWTSFO-26JUN26,2026-06-26,NO,59.38,0.5549999999999999,0.38401712500000684,0.5549999999999999,-0.1709828749999931,ensemble,57.0 <= temp_min <= 58.0 @ SANFRANCISCO on 2026-06-26,2026-06-28T19:47:26Z,yes,-59.19,bet
20260625T203244Z772279,2026-06-25T20:33:13Z,KXLOWTCHI-26JUN26-B60.5,KXLOWTCHI-26JUN26,2026-06-26,YES,59.38,0.405,0.6505032809180514,0.405,0.2455032809180514,ensemble,60.0 <= temp_min <= 61.0 @ CHICAGO on 2026-06-26,2026-06-28T19:47:26Z,no,-59.13,bet
20260625T203313Z974882,2026-06-25T20:33:43Z,KXLOWTCHI-26JUN26-B58.5,KXLOWTCHI-26JUN26,2026-06-26,YES,59.38,0.13,0.24973247783169125,0.13,0.11973247783169125,ensemble,58.0 <= temp_min <= 59.0 @ CHICAGO on 2026-06-26,2026-06-28T19:47:26Z,no,-59.28,bet
20260625T203426Z981070,2026-06-25T20:34:56Z,KXLOWTDC-26JUN26-B71.5,KXLOWTDC-26JUN26,2026-06-26,YES,59.38,0.175,0.5247187109859491,0.175,0.34971871098594914,ensemble,71.0 <= temp_min <= 72.0 @ WASHINGTON on 2026-06-26,2026-06-28T19:47:26Z,no,-59.32,bet
20260625T203456Z184420,2026-06-25T20:35:25Z,KXLOWTDC-26JUN26-B69.5,KXLOWTDC-26JUN26,2026-06-26,NO,59.38,0.415,0.29218270764191906,0.415,-0.12281729235808092,ensemble,69.0 <= temp_min <= 70.0 @ WASHINGTON on 2026-06-26,2026-06-28T19:47:26Z,no,41.92,bet
20260625T203525Z587503,2026-06-25T20:35:25Z,KXLOWTBOS-26JUN26-B62.5,KXLOWTBOS-26JUN26,2026-06-26,YES,59.38,0.06,0.3926631587106134,0.06,0.3326631587106134,ensemble,62.0 <= temp_min <= 63.0 @ BOSTON on 2026-06-26,2026-06-28T19:47:26Z,no,-59.34,bet
20260625T203609Z995565,2026-06-25T20:36:39Z,KXLOWTMIA-26JUN26-B82.5,KXLOWTMIA-26JUN26,2026-06-26,YES,59.38,0.03,0.3080022848883437,0.03,0.27800228488834366,ensemble,82.0 <= temp_min <= 83.0 @ MIAMI on 2026-06-26,2026-06-28T19:47:27Z,no,-59.37,bet
20260625T203639Z297210,2026-06-25T20:37:08Z,KXLOWTMIA-26JUN26-B78.5,KXLOWTMIA-26JUN26,2026-06-26,NO,59.38,0.38,0.23546617302700532,0.38,-0.1445338269729947,ensemble,78.0 <= temp_min <= 79.0 @ MIAMI on 2026-06-26,2026-06-28T19:47:27Z,no,36.1,bet
20260625T203708Z500715,2026-06-25T20:37:37Z,KXLOWTMIA-26JUN26-B76.5,KXLOWTMIA-26JUN26,2026-06-26,NO,59.38,0.18,0.09620002287505025,0.18,-0.08379997712494974,ensemble,76.0 <= temp_min <= 77.0 @ MIAMI on 2026-06-26,2026-06-28T19:47:27Z,no,12.96,bet
20260625T203737Z908357,2026-06-25T20:37:38Z,KXLOWTPHX-26JUN26-B85.5,KXLOWTPHX-26JUN26,2026-06-26,YES,59.38,0.07,0.1540418249259244,0.07,0.08404182492592438,ensemble,85.0 <= temp_min <= 86.0 @ PHOENIX on 2026-06-26,2026-06-28T19:47:27Z,no,-59.36,bet
20260625T203738Z081431,2026-06-25T20:37:38Z,KXLOWTPHX-26JUN26-B87.5,KXLOWTPHX-26JUN26,2026-06-26,NO,59.38,0.32,0.25907967891502615,0.32,-0.06092032108497386,ensemble,87.0 <= temp_min <= 88.0 @ PHOENIX on 2026-06-26,2026-06-28T19:47:27Z,no,27.84,bet
20260625T203822Z153419,2026-06-25T20:38:51Z,KXLOWTDEN-26JUN26-B54.5,KXLOWTDEN-26JUN26,2026-06-26,NO,59.38,0.295,0.11016720153609,0.295,-0.18483279846391,ensemble,54.0 <= temp_min <= 55.0 @ DENVER on 2026-06-26,2026-06-28T19:47:27Z,no,24.78,bet
20260625T203851Z453660,2026-06-25T20:39:20Z,KXLOWTDEN-26JUN26-B56.5,KXLOWTDEN-26JUN26,2026-06-26,YES,59.31,0.10500000000000001,0.26714342327855195,0.10500000000000001,0.16214342327855194,ensemble,56.0 <= temp_min <= 57.0 @ DENVER on 2026-06-26,2026-06-28T19:47:27Z,yes,504.78,bet
20260628T194842Z847715,2026-06-28T19:49:12Z,KXLOWTNYC-26JUN29-B66.5,KXLOWTNYC-26JUN29,2026-06-29,NO,63.1,0.32999999999999996,0.16683159810358178,0.32999999999999996,-0.16316840189641818,ensemble,66.0 <= temp_min <= 67.0 @ NYC on 2026-06-29,2026-06-30T20:12:10Z,no,31.02,bet
20260628T194912Z731912,2026-06-28T19:49:42Z,KXLOWTNYC-26JUN29-B68.5,KXLOWTNYC-26JUN29,2026-06-29,YES,63.1,0.505,0.5758073406029384,0.505,0.07080734060293836,ensemble,68.0 <= temp_min <= 69.0 @ NYC on 2026-06-29,2026-06-30T20:12:10Z,yes,61.38,bet
20260628T195026Z296665,2026-06-28T19:50:56Z,KXLOWTLAX-26JUN29-B60.5,KXLOWTLAX-26JUN29,2026-06-29,NO,63.1,0.3,0.19757303804926699,0.3,-0.102426961950733,ensemble,60.0 <= temp_min <= 61.0 @ LOSANGELES on 2026-06-29,2026-06-30T20:12:10Z,no,27.0,bet
20260628T195140Z194365,2026-06-28T19:52:09Z,KXLOWTSFO-26JUN29-B52.5,KXLOWTSFO-26JUN29,2026-06-29,YES,63.1,0.035,0.24275301699335572,0.035,0.20775301699335572,ensemble,52.0 <= temp_min <= 53.0 @ SANFRANCISCO on 2026-06-29,2026-06-30T20:12:11Z,no,-63.07,bet
20260628T195209Z583767,2026-06-28T19:52:38Z,KXLOWTSFO-26JUN29-B54.5,KXLOWTSFO-26JUN29,2026-06-29,NO,63.1,0.6,0.39226702867644253,0.6,-0.20773297132355745,ensemble,54.0 <= temp_min <= 55.0 @ SANFRANCISCO on 2026-06-29,2026-06-30T20:12:11Z,yes,-62.8,bet
20260628T195323Z038224,2026-06-28T19:53:52Z,KXLOWTCHI-26JUN29-B76.5,KXLOWTCHI-26JUN29,2026-06-29,YES,63.1,0.275,0.5124382657301151,0.275,0.23743826573011506,ensemble,76.0 <= temp_min <= 77.0 @ CHICAGO on 2026-06-29,2026-06-30T20:12:11Z,yes,166.02,bet
20260628T195352Z426770,2026-06-28T19:54:21Z,KXLOWTCHI-26JUN29-B74.5,KXLOWTCHI-26JUN29,2026-06-29,YES,63.1,0.225,0.3345736207857657,0.225,0.10957362078576569,ensemble,74.0 <= temp_min <= 75.0 @ CHICAGO on 2026-06-29,2026-06-30T20:12:11Z,no,-63.0,bet
20260628T195505Z873799,2026-06-28T19:55:35Z,KXLOWTDC-26JUN29-B68.5,KXLOWTDC-26JUN29,2026-06-29,YES,63.1,0.075,0.1971617503351739,0.075,0.12216175033517392,ensemble,68.0 <= temp_min <= 69.0 @ WASHINGTON on 2026-06-29,2026-06-30T20:12:11Z,no,-63.07,bet
20260628T195620Z011881,2026-06-28T19:56:49Z,KXLOWTMIA-26JUN29-B81.5,KXLOWTMIA-26JUN29,2026-06-29,NO,63.1,0.62,0.4902694006191997,0.62,-0.12973059938080028,ensemble,81.0 <= temp_min <= 82.0 @ MIAMI on 2026-06-29,2026-06-30T20:12:11Z,no,102.92,bet
20260628T195650Z086116,2026-06-28T19:56:50Z,KXLOWTPHX-26JUN29-B78.5,KXLOWTPHX-26JUN29,2026-06-29,YES,63.1,0.135,0.23354790300672024,0.135,0.09854790300672023,ensemble,78.0 <= temp_min <= 79.0 @ PHOENIX on 2026-06-29,2026-06-30T20:12:11Z,yes,403.95,bet
20260628T195734Z456821,2026-06-28T19:58:04Z,KXLOWTDEN-26JUN29-B59.5,KXLOWTDEN-26JUN29,2026-06-29,YES,63.1,0.06,0.4040619464109175,0.06,0.34406194641091753,ensemble,59.0 <= temp_min <= 60.0 @ DENVER on 2026-06-29,2026-06-30T20:12:11Z,no,-63.06,bet
20260628T195848Z380723,2026-06-28T19:59:10Z,KXLOWTSEA-26JUN29-B50.5,KXLOWTSEA-26JUN29,2026-06-29,YES,63.1,0.060000000000000005,0.19942717802592538,0.060000000000000005,0.13942717802592539,ensemble,50.0 <= temp_min <= 51.0 @ SEATTLE on 2026-06-29,2026-06-30T20:12:11Z,no,-63.06,bet
20260628T195910Z492871,2026-06-28T19:59:32Z,KXLOWTSEA-26JUN29-B52.5,KXLOWTSEA-26JUN29,2026-06-29,YES,63.1,0.315,0.39979556134919175,0.315,0.08479556134919175,ensemble,52.0 <= temp_min <= 53.0 @ SEATTLE on 2026-06-29,2026-06-30T20:12:12Z,yes,137.0,bet
20260628T195932Z606285,2026-06-28T19:59:54Z,KXLOWTSEA-26JUN29-B48.5,KXLOWTSEA-26JUN29,2026-06-29,YES,43.45,0.025,0.07871258946554203,0.025,0.053712589465542034,ensemble,48.0 <= temp_min <= 49.0 @ SEATTLE on 2026-06-29,2026-06-30T20:12:12Z,no,-43.45,bet
20260628T200005Z250235,2026-06-28T20:00:05Z,KXHIGHTSFO-26JUN29-B74.5,KXHIGHTSFO-26JUN29,2026-06-29,NO,63.1,0.385,0.12161122389296027,0.385,-0.26338877610703976,ensemble,74.0 <= temp_max <= 75.0 @ SANFRANCISCO on 2026-06-29,2026-06-30T20:12:12Z,yes,-62.73,bet
20260628T200005Z951990,2026-06-28T20:00:06Z,KXHIGHTSFO-26JUN29-B72.5,KXHIGHTSFO-26JUN29,2026-06-29,NO,19.68,0.33499999999999996,0.1211020363681176,0.33499999999999996,-0.21389796363188235,ensemble,72.0 <= temp_max <= 73.0 @ SANFRANCISCO on 2026-06-29,2026-06-30T20:12:12Z,no,9.71,bet
20260630T201212Z760536,2026-06-30T20:12:12Z,KXLOWTNYC-26JUL01-B74.5,KXLOWTNYC-26JUL01,2026-07-01,NO,72.2,0.395,0.29430616301166673,0.395,-0.10069383698833329,ensemble,74.0 <= temp_min <= 75.0 @ NYC on 2026-07-01,2026-07-02T19:52:28Z,yes,-72.0,bet
20260630T201212Z945416,2026-06-30T20:12:13Z,KXLOWTNYC-26JUL01-B70.5,KXLOWTNYC-26JUL01,2026-07-01,YES,71.62,0.03,0.10697524966986618,0.03,0.07697524966986619,ensemble,70.0 <= temp_min <= 71.0 @ NYC on 2026-07-01,2026-07-02T19:52:28Z,no,-71.61,bet
20260630T201213Z365641,2026-06-30T20:12:13Z,KXLOWTLAX-26JUL01-B59.5,KXLOWTLAX-26JUL01,2026-07-01,NO,72.2,0.15500000000000003,0.06434850805208849,0.15500000000000003,-0.09065149194791154,ensemble,59.0 <= temp_min <= 60.0 @ LOSANGELES on 2026-07-01,2026-07-02T19:52:29Z,no,13.17,bet
20260630T201213Z540125,2026-06-30T20:12:13Z,KXLOWTLAX-26JUL01-B57.5,KXLOWTLAX-26JUL01,2026-07-01,NO,72.2,0.07500000000000001,0.01036876934047833,0.07500000000000001,-0.06463123065952169,ensemble,57.0 <= temp_min <= 58.0 @ LOSANGELES on 2026-07-01,2026-07-02T19:52:29Z,no,5.85,bet
20260630T201214Z192767,2026-06-30T20:12:14Z,KXLOWTCHI-26JUL01-B77.5,KXLOWTCHI-26JUL01,2026-07-01,NO,72.2,0.28,0.20685392182272463,0.28,-0.07314607817727539,ensemble,77.0 <= temp_min <= 78.0 @ CHICAGO on 2026-07-01,2026-07-02T19:52:29Z,yes,-72.0,bet
20260630T201214Z615152,2026-06-30T20:12:14Z,KXLOWTDC-26JUL01-B70.5,KXLOWTDC-26JUL01,2026-07-01,NO,72.2,0.13,0.025967168971075774,0.13,-0.10403283102892423,ensemble,70.0 <= temp_min <= 71.0 @ WASHINGTON on 2026-07-01,2026-07-02T19:52:29Z,no,10.66,bet
20260630T201215Z029204,2026-06-30T20:12:15Z,KXLOWTBOS-26JUL01-B70.5,KXLOWTBOS-26JUL01,2026-07-01,YES,72.2,0.20500000000000002,0.33411735101862233,0.20500000000000002,0.12911735101862232,ensemble,70.0 <= temp_min <= 71.0 @ BOSTON on 2026-07-01,2026-07-02T19:52:29Z,yes,279.84,bet
20260630T201215Z205478,2026-06-30T20:12:15Z,KXLOWTBOS-26JUL01-B68.5,KXLOWTBOS-26JUL01,2026-07-01,YES,72.2,0.21000000000000002,0.315835658212495,0.21000000000000002,0.10583565821249497,ensemble,68.0 <= temp_min <= 69.0 @ BOSTON on 2026-07-01,2026-07-02T19:52:29Z,no,-72.03,bet
20260630T201215Z626552,2026-06-30T20:12:15Z,KXLOWTMIA-26JUL01-B80.5,KXLOWTMIA-26JUL01,2026-07-01,YES,72.2,0.11499999999999999,0.2634320748405737,0.11499999999999999,0.1484320748405737,ensemble,80.0 <= temp_min <= 81.0 @ MIAMI on 2026-07-01,2026-07-02T19:52:29Z,no,-72.1,bet
20260630T201215Z803721,2026-06-30T20:12:15Z,KXLOWTMIA-26JUL01-B76.5,KXLOWTMIA-26JUL01,2026-07-01,NO,72.2,0.20500000000000002,0.14914512960410006,0.20500000000000002,-0.05585487039589995,ensemble,76.0 <= temp_min <= 77.0 @ MIAMI on 2026-07-01,2026-07-02T19:52:29Z,no,18.45,bet
20260630T201216Z215157,2026-06-30T20:12:16Z,KXLOWTPHX-26JUL01-B74.5,KXLOWTPHX-26JUL01,2026-07-01,YES,72.2,0.075,0.16753498261567884,0.075,0.09253498261567884,ensemble,74.0 <= temp_min <= 75.0 @ PHOENIX on 2026-07-01,2026-07-02T19:52:29Z,yes,889.85,bet
20260630T201216Z400609,2026-06-30T20:12:16Z,KXLOWTPHX-26JUL01-B72.5,KXLOWTPHX-26JUL01,2026-07-01,YES,50.85,0.075,0.12711623321523252,0.075,0.052116233215232524,ensemble,72.0 <= temp_min <= 73.0 @ PHOENIX on 2026-07-01,2026-07-02T19:52:29Z,no,-50.85,bet
20260630T201216Z813628,2026-06-30T20:12:16Z,KXLOWTDEN-26JUL01-B58.5,KXLOWTDEN-26JUL01,2026-07-01,YES,72.2,0.145,0.31509452291639384,0.145,0.17009452291639385,ensemble,58.0 <= temp_min <= 59.0 @ DENVER on 2026-07-01,2026-07-03T19:49:28Z,no,-72.06,bet
20260630T201216Z992652,2026-06-30T20:12:17Z,KXLOWTDEN-26JUL01-B54.5,KXLOWTDEN-26JUL01,2026-07-01,NO,72.2,0.22999999999999998,0.0950043009807314,0.22999999999999998,-0.13499569901926858,ensemble,54.0 <= temp_min <= 55.0 @ DENVER on 2026-07-01,2026-07-03T19:49:28Z,yes,-71.61,bet
20260630T201217Z656131,2026-06-30T20:12:17Z,KXHIGHTSFO-26JUL01-B72.5,KXHIGHTSFO-26JUL01,2026-07-01,NO,72.2,0.21000000000000002,0.09692745805136173,0.21000000000000002,-0.11307254194863829,ensemble,72.0 <= temp_max <= 73.0 @ SANFRANCISCO on 2026-07-01,2026-07-02T19:52:29Z,no,19.11,bet
20260630T201217Z832981,2026-06-30T20:12:17Z,KXHIGHTSFO-26JUL01-B68.5,KXHIGHTSFO-26JUL01,2026-07-01,NO,21.89,0.265,0.16126050523881777,0.265,-0.10373949476118224,ensemble,68.0 <= temp_max <= 69.0 @ SANFRANCISCO on 2026-07-01,2026-07-02T19:52:30Z,no,7.68,bet
20260702T195428Z958230,2026-07-02T19:54:58Z,KXLOWTLAX-26JUL03-B59.5,KXLOWTLAX-26JUL03,2026-07-03,YES,88.88,0.16999999999999998,0.3550219937010697,0.16999999999999998,0.1850219937010697,ensemble,59.0 <= temp_min <= 60.0 @ LOSANGELES on 2026-07-03,2026-07-05T19:46:40Z,no,-88.74,bet
20260702T195458Z600446,2026-07-02T19:55:27Z,KXLOWTLAX-26JUL03-B57.5,KXLOWTLAX-26JUL03,2026-07-03,YES,88.88,0.035,0.14241458029991105,0.035,0.10741458029991105,ensemble,57.0 <= temp_min <= 58.0 @ LOSANGELES on 2026-07-03,2026-07-05T19:46:40Z,no,-88.87,bet
20260702T195655Z505363,2026-07-02T19:57:24Z,KXLOWTCHI-26JUL03-B71.5,KXLOWTCHI-26JUL03,2026-07-03,YES,88.88,0.08,0.19353503498444508,0.08,0.11353503498444507,ensemble,71.0 <= temp_min <= 72.0 @ CHICAGO on 2026-07-03,2026-07-04T19:40:28Z,no,-88.8,bet
20260702T195724Z729784,2026-07-02T19:57:53Z,KXLOWTCHI-26JUL03-B77.5,KXLOWTCHI-26JUL03,2026-07-03,NO,88.88,0.29500000000000004,0.20854066097399115,0.29500000000000004,-0.08645933902600889,ensemble,77.0 <= temp_min <= 78.0 @ CHICAGO on 2026-07-03,2026-07-04T19:40:29Z,no,37.17,bet
20260702T195837Z787222,2026-07-02T19:59:06Z,KXLOWTDC-26JUL03-B81.5,KXLOWTDC-26JUL03,2026-07-03,YES,88.88,0.32,0.5736526381621319,0.32,0.25365263816213185,ensemble,81.0 <= temp_min <= 82.0 @ WASHINGTON on 2026-07-03,2026-07-04T19:40:29Z,no,-88.64,bet
20260702T195907Z011977,2026-07-02T19:59:36Z,KXLOWTDC-26JUL03-B79.5,KXLOWTDC-26JUL03,2026-07-03,YES,88.88,0.10500000000000001,0.2168939681918485,0.10500000000000001,0.11189396819184849,ensemble,79.0 <= temp_min <= 80.0 @ WASHINGTON on 2026-07-03,2026-07-04T19:40:29Z,no,-88.83,bet
20260702T195936Z436608,2026-07-02T19:59:36Z,KXLOWTBOS-26JUL03-B75.5,KXLOWTBOS-26JUL03,2026-07-03,NO,88.88,0.07,0.010755206457958901,0.07,-0.0592447935420411,ensemble,75.0 <= temp_min <= 76.0 @ BOSTON on 2026-07-03,2026-07-04T19:40:29Z,no,6.65,bet
20260702T200007Z608406,2026-07-02T20:00:10Z,KXLOWTMIA-26JUL03-B76.5,KXLOWTMIA-26JUL03,2026-07-03,YES,88.88,0.07500000000000001,0.16025624394809218,0.07500000000000001,0.08525624394809217,ensemble,76.0 <= temp_min <= 77.0 @ MIAMI on 2026-07-03,2026-07-05T19:46:40Z,no,-88.88,bet
20260702T200010Z315851,2026-07-02T20:00:10Z,KXLOWTMIA-26JUL03-B80.5,KXLOWTMIA-26JUL03,2026-07-03,YES,88.88,0.24,0.3264876628823386,0.24,0.08648766288233861,ensemble,80.0 <= temp_min <= 81.0 @ MIAMI on 2026-07-03,2026-07-05T19:46:40Z,no,-88.8,bet
20260702T200010Z687502,2026-07-02T20:00:10Z,KXLOWTPHX-26JUL03-B77.5,KXLOWTPHX-26JUL03,2026-07-03,NO,88.88,0.36,0.13771391770405106,0.36,-0.22228608229594893,ensemble,77.0 <= temp_min <= 78.0 @ PHOENIX on 2026-07-03,2026-07-05T19:46:40Z,yes,-88.32,bet
20260702T200010Z856238,2026-07-02T20:00:10Z,KXLOWTPHX-26JUL03-B75.5,KXLOWTPHX-26JUL03,2026-07-03,YES,74.4,0.05,0.11362100293765955,0.05,0.06362100293765954,ensemble,75.0 <= temp_min <= 76.0 @ PHOENIX on 2026-07-03,2026-07-05T19:46:40Z,no,-74.4,bet
20260702T200016Z900442,2026-07-02T20:00:24Z,KXLOWTDEN-26JUL03-B57.5,KXLOWTDEN-26JUL03,2026-07-03,NO,88.88,0.28500000000000003,0.11054387924137507,0.28500000000000003,-0.17445612075862496,ensemble,57.0 <= temp_min <= 58.0 @ DENVER on 2026-07-03,2026-07-04T19:40:30Z,no,35.34,bet
20260702T200024Z422070,2026-07-02T20:00:31Z,KXLOWTDEN-26JUL03-B61.5,KXLOWTDEN-26JUL03,2026-07-03,YES,88.88,0.095,0.22984459615959396,0.095,0.13484459615959396,ensemble,61.0 <= temp_min <= 62.0 @ DENVER on 2026-07-03,2026-07-04T19:40:30Z,no,-88.83,bet
20260702T200109Z119017,2026-07-02T20:01:10Z,KXHIGHTSFO-26JUL03-B70.5,KXHIGHTSFO-26JUL03,2026-07-03,NO,47.81,0.33999999999999997,0.1485730852126772,0.33999999999999997,-0.19142691478732277,ensemble,70.0 <= temp_max <= 71.0 @ SANFRANCISCO on 2026-07-03,2026-07-04T19:40:30Z,yes,-47.52,bet
20260703T195046Z311400,2026-07-03T19:51:16Z,KXLOWTNYC-26JUL04-B77.5,KXLOWTNYC-26JUL04,2026-07-04,YES,86.0,0.24,0.36588751165549244,0.24,0.12588751165549245,ensemble,77.0 <= temp_min <= 78.0 @ NYC on 2026-07-04,2026-07-05T19:46:40Z,no,-85.92,bet
20260703T195116Z330692,2026-07-03T19:51:46Z,KXLOWTNYC-26JUL04-B79.5,KXLOWTNYC-26JUL04,2026-07-04,YES,15.3,0.20500000000000002,0.2930401241122079,0.20500000000000002,0.08804012411220791,ensemble,79.0 <= temp_min <= 80.0 @ NYC on 2026-07-04,2026-07-05T19:46:40Z,no,-15.17,bet
20260704T194115Z382573,2026-07-04T19:41:44Z,KXLOWTNYC-26JUL05-B74.5,KXLOWTNYC-26JUL05,2026-07-05,YES,79.54,0.08499999999999999,0.4099771664637585,0.08499999999999999,0.3249771664637585,ensemble,74.0 <= temp_min <= 75.0 @ NYC on 2026-07-05,2026-07-06T20:21:59Z,no,-79.47,bet
20260704T194145Z018886,2026-07-04T19:42:14Z,KXLOWTNYC-26JUL05-B70.5,KXLOWTNYC-26JUL05,2026-07-05,NO,79.54,0.39,0.09261167718588245,0.39,-0.29738832281411753,ensemble,70.0 <= temp_min <= 71.0 @ NYC on 2026-07-05,2026-07-06T20:21:59Z,no,50.7,bet
20260704T194214Z238272,2026-07-04T19:42:43Z,KXLOWTNYC-26JUL05-B72.5,KXLOWTNYC-26JUL05,2026-07-05,YES,79.54,0.255,0.5443527348447139,0.255,0.2893527348447139,ensemble,72.0 <= temp_min <= 73.0 @ NYC on 2026-07-05,2026-07-06T20:21:59Z,no,-79.31,bet
20260704T194455Z351294,2026-07-04T19:45:24Z,KXLOWTCHI-26JUL05-B68.5,KXLOWTCHI-26JUL05,2026-07-05,YES,79.54,0.22499999999999998,0.3921469905794066,0.22499999999999998,0.16714699057940663,ensemble,68.0 <= temp_min <= 69.0 @ CHICAGO on 2026-07-05,2026-07-06T20:21:59Z,no,-79.42,bet
20260704T194608Z384149,2026-07-04T19:46:37Z,KXLOWTDC-26JUL05-B75.5,KXLOWTDC-26JUL05,2026-07-05,YES,79.54,0.31,0.499606900909931,0.31,0.189606900909931,ensemble,75.0 <= temp_min <= 76.0 @ WASHINGTON on 2026-07-05,2026-07-06T20:21:59Z,yes,176.64,bet
20260704T194637Z603563,2026-07-04T19:47:06Z,KXLOWTDC-26JUL05-B73.5,KXLOWTDC-26JUL05,2026-07-05,YES,79.54,0.11000000000000001,0.28836087765283713,0.11000000000000001,0.17836087765283712,ensemble,73.0 <= temp_min <= 74.0 @ WASHINGTON on 2026-07-05,2026-07-06T20:21:59Z,no,-79.53,bet
20260704T194751Z247392,2026-07-04T19:48:20Z,KXLOWTMIA-26JUL05-B80.5,KXLOWTMIA-26JUL05,2026-07-05,YES,79.54,0.23,0.428035764451649,0.23,0.19803576445164897,ensemble,80.0 <= temp_min <= 81.0 @ MIAMI on 2026-07-05,2026-07-06T20:21:59Z,no,-79.35,bet
20260704T194820Z565445,2026-07-04T19:48:49Z,KXLOWTMIA-26JUL05-B76.5,KXLOWTMIA-26JUL05,2026-07-05,NO,16.15,0.235,0.08077721209182226,0.235,-0.15422278790817773,ensemble,76.0 <= temp_min <= 77.0 @ MIAMI on 2026-07-05,2026-07-06T20:21:59Z,yes,-16.07,bet
20260705T194728Z080316,2026-07-05T19:47:58Z,KXLOWTNYC-26JUL06-B67.5,KXLOWTNYC-26JUL06,2026-07-06,YES,67.15,0.31,0.5312930476513293,0.31,0.22129304765132934,ensemble,67.0 <= temp_min <= 68.0 @ NYC on 2026-07-06,2026-07-07T20:09:34Z,no,-66.96,bet
20260705T194758Z725689,2026-07-05T19:48:28Z,KXLOWTNYC-26JUL06-B65.5,KXLOWTNYC-26JUL06,2026-07-06,YES,38.8,0.26,0.42562736049968153,0.26,0.16562736049968152,ensemble,65.0 <= temp_min <= 66.0 @ NYC on 2026-07-06,2026-07-07T20:09:34Z,no,-38.74,bet
20260705T194913Z670895,2026-07-05T19:49:43Z,KXLOWTLAX-26JUL06-B62.5,KXLOWTLAX-26JUL06,2026-07-06,YES,67.15,0.10500000000000001,0.22560744084215267,0.10500000000000001,0.12060744084215266,ensemble,62.0 <= temp_min <= 63.0 @ LOSANGELES on 2026-07-06,2026-07-07T20:09:34Z,no,-67.1,bet
20260705T195028Z544949,2026-07-05T19:50:58Z,KXLOWTSFO-26JUL06-B54.5,KXLOWTSFO-26JUL06,2026-07-06,YES,67.15,0.10500000000000001,0.31821153403279645,0.10500000000000001,0.21321153403279644,ensemble,54.0 <= temp_min <= 55.0 @ SANFRANCISCO on 2026-07-06,2026-07-07T20:09:34Z,no,-67.1,bet
20260705T195058Z420171,2026-07-05T19:51:28Z,KXLOWTSFO-26JUL06-B56.5,KXLOWTSFO-26JUL06,2026-07-06,NO,67.15,0.755,0.6148147292333708,0.755,-0.14018527076662923,ensemble,56.0 <= temp_min <= 57.0 @ SANFRANCISCO on 2026-07-06,2026-07-07T20:09:34Z,yes,-67.13,bet
20260705T195213Z146930,2026-07-05T19:52:42Z,KXLOWTCHI-26JUL06-B64.5,KXLOWTCHI-26JUL06,2026-07-06,NO,67.15,0.235,0.134050297064646,0.235,-0.10094970293535399,ensemble,64.0 <= temp_min <= 65.0 @ CHICAGO on 2026-07-06,2026-07-07T20:09:34Z,no,20.44,bet
20260705T195243Z022635,2026-07-05T19:53:12Z,KXLOWTCHI-26JUL06-B66.5,KXLOWTCHI-26JUL06,2026-07-06,YES,59.82,0.51,0.609018887398819,0.51,0.09901888739881903,ensemble,66.0 <= temp_min <= 67.0 @ CHICAGO on 2026-07-06,2026-07-07T20:09:35Z,no,-59.67,bet
20260706T202314Z926701,2026-07-06T20:23:44Z,KXLOWTNYC-26JUL07-B66.5,KXLOWTNYC-26JUL07,2026-07-07,YES,63.44,0.265,0.5405701427853975,0.265,0.2755701427853975,ensemble,66.0 <= temp_min <= 67.0 @ NYC on 2026-07-07,2026-07-08T19:52:37Z,no,-63.34,bet
20260706T202344Z169343,2026-07-06T20:24:13Z,KXLOWTNYC-26JUL07-B64.5,KXLOWTNYC-26JUL07,2026-07-07,YES,63.44,0.275,0.37022423021094947,0.275,0.09522423021094945,ensemble,64.0 <= temp_min <= 65.0 @ NYC on 2026-07-07,2026-07-08T19:52:37Z,no,-63.25,bet
20260706T202457Z446779,2026-07-06T20:24:57Z,KXLOWTSFO-26JUL07-B56.5,KXLOWTSFO-26JUL07,2026-07-07,NO,63.44,0.815,0.4425234378451896,0.815,-0.37247656215481034,ensemble,56.0 <= temp_min <= 57.0 @ SANFRANCISCO on 2026-07-07,2026-07-08T19:52:37Z,no,278.73,bet
20260706T202457Z634012,2026-07-06T20:24:57Z,KXLOWTSFO-26JUL07-B54.5,KXLOWTSFO-26JUL07,2026-07-07,YES,63.44,0.155,0.32017997233706225,0.155,0.16517997233706225,ensemble,54.0 <= temp_min <= 55.0 @ SANFRANCISCO on 2026-07-07,2026-07-08T19:52:37Z,yes,345.61,bet
20260706T202458Z041514,2026-07-06T20:24:58Z,KXLOWTCHI-26JUL07-B63.5,KXLOWTCHI-26JUL07,2026-07-07,NO,63.44,0.235,0.10366590006909246,0.235,-0.13133409993090753,ensemble,63.0 <= temp_min <= 64.0 @ CHICAGO on 2026-07-07,2026-07-08T19:52:37Z,no,19.27,bet
20260706T202458Z244108,2026-07-06T20:24:58Z,KXLOWTCHI-26JUL07-B65.5,KXLOWTCHI-26JUL07,2026-07-07,YES,63.44,0.37,0.4930130964380544,0.37,0.12301309643805441,ensemble,65.0 <= temp_min <= 66.0 @ CHICAGO on 2026-07-07,2026-07-08T19:52:37Z,yes,107.73,bet
20260706T202458Z647941,2026-07-06T20:24:58Z,KXLOWTDC-26JUL07-B71.5,KXLOWTDC-26JUL07,2026-07-07,NO,63.44,0.31,0.19044707106516165,0.31,-0.11955292893483835,ensemble,71.0 <= temp_min <= 72.0 @ WASHINGTON on 2026-07-07,2026-07-08T19:52:38Z,no,28.21,bet
20260706T202458Z838306,2026-07-06T20:24:58Z,KXLOWTDC-26JUL07-B73.5,KXLOWTDC-26JUL07,2026-07-07,YES,63.44,0.31,0.3704405819876697,0.31,0.06044058198766972,ensemble,73.0 <= temp_min <= 74.0 @ WASHINGTON on 2026-07-07,2026-07-08T19:52:38Z,yes,140.76,bet
20260706T202459Z256884,2026-07-06T20:24:59Z,KXLOWTBOS-26JUL07-B62.5,KXLOWTBOS-26JUL07,2026-07-07,YES,9.66,0.375,0.44821679672647546,0.375,0.07321679672647546,ensemble,62.0 <= temp_min <= 63.0 @ BOSTON on 2026-07-07,2026-07-08T19:52:38Z,yes,15.62,bet
20260707T200936Z564833,2026-07-07T20:09:36Z,KXLOWTNYC-26JUL08-B63.5,KXLOWTNYC-26JUL08,2026-07-08,YES,56.51,0.135,0.39711428126737663,0.135,0.2621142812673766,ensemble,63.0 <= temp_min <= 64.0 @ NYC on 2026-07-08,2026-07-09T20:08:58Z,yes,361.57,bet
20260707T200936Z759153,2026-07-07T20:09:36Z,KXLOWTNYC-26JUL08-B65.5,KXLOWTNYC-26JUL08,2026-07-08,NO,56.51,0.375,0.316810161708832,0.375,-0.05818983829116797,ensemble,65.0 <= temp_min <= 66.0 @ NYC on 2026-07-08,2026-07-09T20:08:58Z,no,33.75,bet
20260707T200937Z507577,2026-07-07T20:09:37Z,KXLOWTSFO-26JUL08-B53.5,KXLOWTSFO-26JUL08,2026-07-08,YES,52.13,0.165,0.22662409356918603,0.165,0.06162409356918602,ensemble,53.0 <= temp_min <= 54.0 @ SANFRANCISCO on 2026-07-08,2026-07-09T20:08:59Z,yes,263.02,bet
20260707T200937Z960821,2026-07-07T20:09:38Z,KXLOWTCHI-26JUL08-B67.5,KXLOWTCHI-26JUL08,2026-07-08,YES,56.51,0.225,0.34791724568881355,0.225,0.12291724568881354,ensemble,67.0 <= temp_min <= 68.0 @ CHICAGO on 2026-07-08,2026-07-09T20:08:59Z,yes,194.53,bet
20260707T200938Z147111,2026-07-07T20:09:38Z,KXLOWTCHI-26JUL08-B63.5,KXLOWTCHI-26JUL08,2026-07-08,NO,56.51,0.075,0.013811508445641371,0.075,-0.061188491554358626,ensemble,63.0 <= temp_min <= 64.0 @ CHICAGO on 2026-07-08,2026-07-09T20:08:59Z,no,4.57,bet
20260707T200938Z340046,2026-07-07T20:09:38Z,KXLOWTCHI-26JUL08-B61.5,KXLOWTCHI-26JUL08,2026-07-08,NO,52.33,0.075,0.017342324772814176,0.075,-0.05765767522718582,ensemble,61.0 <= temp_min <= 62.0 @ CHICAGO on 2026-07-08,2026-07-09T20:08:59Z,no,4.2,bet
20260708T195355Z210358,2026-07-08T19:54:25Z,KXLOWTNYC-26JUL09-B71.5,KXLOWTNYC-26JUL09,2026-07-09,YES,72.7,0.265,0.4339851845585266,0.265,0.16898518455852657,ensemble,71.0 <= temp_min <= 72.0 @ NYC on 2026-07-09,2026-07-10T19:54:21Z,yes,201.39,bet
20260708T195425Z296014,2026-07-08T19:54:55Z,KXLOWTNYC-26JUL09-B69.5,KXLOWTNYC-26JUL09,2026-07-09,NO,72.7,0.375,0.2867661272059002,0.375,-0.08823387279409978,ensemble,69.0 <= temp_min <= 70.0 @ NYC on 2026-07-09,2026-07-10T19:54:21Z,no,43.5,bet
20260708T195540Z294998,2026-07-08T19:56:10Z,KXLOWTLAX-26JUL09-B63.5,KXLOWTLAX-26JUL09,2026-07-09,NO,72.7,0.6000000000000001,0.3035348218237062,0.6000000000000001,-0.29646517817629386,ensemble,63.0 <= temp_min <= 64.0 @ LOSANGELES on 2026-07-09,2026-07-10T19:54:21Z,yes,-72.4,bet
20260708T195610Z372745,2026-07-08T19:56:40Z,KXLOWTLAX-26JUL09-B65.5,KXLOWTLAX-26JUL09,2026-07-09,YES,72.7,0.315,0.39272123033084955,0.315,0.07772123033084954,ensemble,65.0 <= temp_min <= 66.0 @ LOSANGELES on 2026-07-09,2026-07-10T19:54:21Z,no,-72.45,bet
20260708T195725Z210814,2026-07-08T19:57:55Z,KXLOWTSFO-26JUL09-B54.5,KXLOWTSFO-26JUL09,2026-07-09,NO,72.7,0.825,0.433463881491187,0.825,-0.391536118508813,ensemble,54.0 <= temp_min <= 55.0 @ SANFRANCISCO on 2026-07-09,2026-07-10T19:54:21Z,yes,-72.63,bet
20260708T195755Z135638,2026-07-08T19:58:25Z,KXLOWTSFO-26JUL09-B56.5,KXLOWTSFO-26JUL09,2026-07-09,YES,72.7,0.155,0.5242341747017404,0.155,0.36923417470174036,ensemble,56.0 <= temp_min <= 57.0 @ SANFRANCISCO on 2026-07-09,2026-07-10T19:54:21Z,no,-72.69,bet
20260708T195909Z975238,2026-07-08T19:59:39Z,KXLOWTCHI-26JUL09-B72.5,KXLOWTCHI-26JUL09,2026-07-09,YES,72.7,0.155,0.4227618442405772,0.155,0.26776184424057725,ensemble,72.0 <= temp_min <= 73.0 @ CHICAGO on 2026-07-09,2026-07-10T19:54:22Z,no,-72.69,bet
20260708T195939Z898026,2026-07-08T20:00:04Z,KXLOWTCHI-26JUL09-B68.5,KXLOWTCHI-26JUL09,2026-07-09,NO,72.7,0.275,0.1246840993448121,0.275,-0.1503159006551879,ensemble,68.0 <= temp_min <= 69.0 @ CHICAGO on 2026-07-09,2026-07-10T19:54:22Z,no,27.5,bet
20260708T200005Z458968,2026-07-08T20:00:06Z,KXLOWTDC-26JUL09-B72.5,KXLOWTDC-26JUL09,2026-07-09,YES,72.7,0.14500000000000002,0.32196442895360594,0.14500000000000002,0.17696442895360592,ensemble,72.0 <= temp_min <= 73.0 @ WASHINGTON on 2026-07-09,2026-07-10T19:54:22Z,no,-72.65,bet
20260708T200052Z397187,2026-07-08T20:01:07Z,KXLOWTMIA-26JUL09-B83.5,KXLOWTMIA-26JUL09,2026-07-09,YES,72.7,0.25,0.46998931898464835,0.25,0.21998931898464835,ensemble,83.0 <= temp_min <= 84.0 @ MIAMI on 2026-07-09,2026-07-10T19:54:22Z,no,-72.5,bet
20260708T200107Z690230,2026-07-08T20:01:07Z,KXLOWTMIA-26JUL09-B79.5,KXLOWTMIA-26JUL09,2026-07-09,NO,32.98,0.18,0.06302617304972664,0.18,-0.11697382695027335,ensemble,79.0 <= temp_min <= 80.0 @ MIAMI on 2026-07-09,2026-07-10T19:54:22Z,no,7.2,bet
20260709T200901Z186622,2026-07-09T20:09:01Z,KXLOWTNYC-26JUL10-B69.5,KXLOWTNYC-26JUL10,2026-07-10,NO,89.93,0.23,0.02303991073420607,0.23,-0.20696008926579393,ensemble,69.0 <= temp_min <= 70.0 @ NYC on 2026-07-10,2026-07-11T19:31:48Z,no,26.68,bet
20260709T200901Z367012,2026-07-09T20:09:01Z,KXLOWTNYC-26JUL10-B73.5,KXLOWTNYC-26JUL10,2026-07-10,YES,89.93,0.31,0.5086908249593445,0.31,0.19869082495934448,ensemble,73.0 <= temp_min <= 74.0 @ NYC on 2026-07-10,2026-07-11T19:31:48Z,yes,200.1,bet
20260709T200901Z539552,2026-07-09T20:09:01Z,KXLOWTNYC-26JUL10-B71.5,KXLOWTNYC-26JUL10,2026-07-10,NO,89.93,0.265,0.13601309273469311,0.265,-0.1289869072653069,ensemble,71.0 <= temp_min <= 72.0 @ NYC on 2026-07-10,2026-07-11T19:31:48Z,no,32.33,bet
20260709T200901Z916886,2026-07-09T20:09:02Z,KXLOWTLAX-26JUL10-B66.5,KXLOWTLAX-26JUL10,2026-07-10,YES,89.93,0.195,0.30357859745356985,0.195,0.10857859745356985,ensemble,66.0 <= temp_min <= 67.0 @ LOSANGELES on 2026-07-10,2026-07-11T19:31:48Z,no,-89.89,bet
20260709T201016Z962713,2026-07-09T20:10:39Z,KXLOWTSFO-26JUL10-B56.5,KXLOWTSFO-26JUL10,2026-07-10,YES,89.93,0.06,0.22533767857592374,0.06,0.16533767857592374,ensemble,56.0 <= temp_min <= 57.0 @ SANFRANCISCO on 2026-07-10,2026-07-11T19:31:49Z,no,-89.88,bet
20260709T201039Z430208,2026-07-09T20:10:39Z,KXLOWTCHI-26JUL10-B67.5,KXLOWTCHI-26JUL10,2026-07-10,YES,89.93,0.11499999999999999,0.2747497478419692,0.11499999999999999,0.15974974784196921,ensemble,67.0 <= temp_min <= 68.0 @ CHICAGO on 2026-07-10,2026-07-11T19:31:49Z,no,-89.93,bet
20260709T201039Z600845,2026-07-09T20:10:39Z,KXLOWTCHI-26JUL10-B69.5,KXLOWTCHI-26JUL10,2026-07-10,YES,49.41,0.43000000000000005,0.5360064654500859,0.43000000000000005,0.10600646545008585,ensemble,69.0 <= temp_min <= 70.0 @ CHICAGO on 2026-07-10,2026-07-11T19:31:49Z,no,-49.02,bet
20260710T195539Z823652,2026-07-10T19:56:10Z,KXLOWTNYC-26JUL11-B71.5,KXLOWTNYC-26JUL11,2026-07-11,YES,85.36,0.28500000000000003,0.5709901232312717,0.28500000000000003,0.2859901232312717,ensemble,71.0 <= temp_min <= 72.0 @ NYC on 2026-07-11,2026-07-12T19:33:38Z,no,-85.22,bet
20260710T195610Z436127,2026-07-10T19:56:40Z,KXLOWTNYC-26JUL11-B69.5,KXLOWTNYC-26JUL11,2026-07-11,NO,85.36,0.265,0.10009493226581095,0.265,-0.16490506773418906,ensemble,69.0 <= temp_min <= 70.0 @ NYC on 2026-07-11,2026-07-12T19:33:38Z,yes,-85.26,bet
20260710T195640Z414594,2026-07-10T19:57:10Z,KXLOWTNYC-26JUL11-B73.5,KXLOWTNYC-26JUL11,2026-07-11,YES,85.36,0.225,0.37870482117187043,0.225,0.15370482117187043,ensemble,73.0 <= temp_min <= 74.0 @ NYC on 2026-07-11,2026-07-12T19:33:38Z,no,-85.28,bet
20260710T195841Z029257,2026-07-10T19:59:10Z,KXLOWTSFO-26JUL11-B53.5,KXLOWTSFO-26JUL11,2026-07-11,YES,85.36,0.16,0.390868877492379,0.16,0.23086887749237897,ensemble,53.0 <= temp_min <= 54.0 @ SANFRANCISCO on 2026-07-11,2026-07-12T19:33:39Z,yes,447.72,bet
20260710T195955Z985746,2026-07-10T20:00:08Z,KXLOWTCHI-26JUL11-B65.5,KXLOWTCHI-26JUL11,2026-07-11,YES,85.36,0.16,0.37237629231762176,0.16,0.21237629231762176,ensemble,65.0 <= temp_min <= 66.0 @ CHICAGO on 2026-07-11,2026-07-12T19:33:39Z,no,-85.28,bet
20260710T200008Z542103,2026-07-10T20:00:08Z,KXLOWTCHI-26JUL11-B63.5,KXLOWTCHI-26JUL11,2026-07-11,YES,85.36,0.04,0.1530940948865422,0.04,0.11309409488654218,ensemble,63.0 <= temp_min <= 64.0 @ CHICAGO on 2026-07-11,2026-07-12T19:33:39Z,no,-85.32,bet
20260710T200008Z737710,2026-07-10T20:00:08Z,KXLOWTCHI-26JUL11-B67.5,KXLOWTCHI-26JUL11,2026-07-11,NO,85.36,0.435,0.2969758762667349,0.435,-0.1380241237332651,ensemble,67.0 <= temp_min <= 68.0 @ CHICAGO on 2026-07-11,2026-07-12T19:33:39Z,no,65.69,bet
20260710T200010Z925943,2026-07-10T20:00:18Z,KXLOWTDC-26JUL11-B71.5,KXLOWTDC-26JUL11,2026-07-11,NO,85.36,0.345,0.2586805014430097,0.345,-0.08631949855699028,ensemble,71.0 <= temp_min <= 72.0 @ WASHINGTON on 2026-07-11,2026-07-12T19:33:39Z,yes,-85.15,bet
20260710T200018Z826390,2026-07-10T20:00:18Z,KXLOWTBOS-26JUL11-B66.5,KXLOWTBOS-26JUL11,2026-07-11,YES,8.57,0.14500000000000002,0.2891965493761391,0.14500000000000002,0.14419654937613907,ensemble,66.0 <= temp_min <= 67.0 @ BOSTON on 2026-07-11,2026-07-12T19:33:39Z,no,-8.56,bet
20260711T193235Z137965,2026-07-11T19:33:05Z,KXLOWTNYC-26JUL12-B65.5,KXLOWTNYC-26JUL12,2026-07-12,YES,84.17,0.075,0.19939211620991948,0.075,0.12439211620991948,ensemble,65.0 <= temp_min <= 66.0 @ NYC on 2026-07-12,2026-07-13T19:51:51Z,no,-84.15,bet
20260711T193305Z069688,2026-07-11T19:33:34Z,KXLOWTNYC-26JUL12-B63.5,KXLOWTNYC-26JUL12,2026-07-12,YES,69.25,0.03,0.09384174244137941,0.03,0.06384174244137941,ensemble,63.0 <= temp_min <= 64.0 @ NYC on 2026-07-12,2026-07-13T19:51:52Z,no,-69.24,bet
20260711T193334Z498830,2026-07-11T19:34:03Z,KXLOWTNYC-26JUL12-B67.5,KXLOWTNYC-26JUL12,2026-07-12,YES,84.17,0.275,0.3350449570859012,0.275,0.060044957085901185,ensemble,67.0 <= temp_min <= 68.0 @ NYC on 2026-07-12,2026-07-13T19:51:52Z,no,-84.15,bet
20260711T193532Z712195,2026-07-11T19:36:02Z,KXLOWTSFO-26JUL12-B58.5,KXLOWTSFO-26JUL12,2026-07-12,NO,84.17,0.6699999999999999,0.4494746003093814,0.6699999999999999,-0.22052539969061852,ensemble,58.0 <= temp_min <= 59.0 @ SANFRANCISCO on 2026-07-12,2026-07-13T19:51:52Z,yes,-84.15,bet
20260711T193602Z148589,2026-07-11T19:36:31Z,KXLOWTSFO-26JUL12-B56.5,KXLOWTSFO-26JUL12,2026-07-12,YES,84.17,0.215,0.2996538683715826,0.215,0.08465386837158259,ensemble,56.0 <= temp_min <= 57.0 @ SANFRANCISCO on 2026-07-12,2026-07-13T19:51:52Z,no,-84.06,bet
20260711T193715Z711363,2026-07-11T19:37:45Z,KXLOWTCHI-26JUL12-B66.5,KXLOWTCHI-26JUL12,2026-07-12,YES,84.17,0.055,0.43286011030635957,0.055,0.3778601103063596,ensemble,66.0 <= temp_min <= 67.0 @ CHICAGO on 2026-07-12,2026-07-13T19:51:52Z,no,-84.15,bet
20260711T193829Z280225,2026-07-11T19:38:58Z,KXLOWTDC-26JUL12-B70.5,KXLOWTDC-26JUL12,2026-07-12,YES,43.68,0.09,0.21385979787988738,0.09,0.12385979787988738,ensemble,70.0 <= temp_min <= 71.0 @ WASHINGTON on 2026-07-12,2026-07-13T19:51:52Z,no,-43.65,bet
20260711T193943Z510694,2026-07-11T19:40:13Z,KXLOWTMIA-26JUL12-B82.5,KXLOWTMIA-26JUL12,2026-07-12,YES,37.33,0.11,0.29469398599277874,0.11,0.18469398599277875,ensemble,82.0 <= temp_min <= 83.0 @ MIAMI on 2026-07-12,2026-07-13T19:51:52Z,no,-37.29,bet
20260712T193454Z747828,2026-07-12T19:35:24Z,KXLOWTNYC-26JUL13-B69.5,KXLOWTNYC-26JUL13,2026-07-13,YES,84.04,0.31000000000000005,0.3809486390374386,0.31000000000000005,0.07094863903743853,ensemble,69.0 <= temp_min <= 70.0 @ NYC on 2026-07-13,2026-07-14T19:47:54Z,yes,186.99,bet
20260712T193524Z473945,2026-07-12T19:35:53Z,KXLOWTNYC-26JUL13-B65.5,KXLOWTNYC-26JUL13,2026-07-13,NO,84.04,0.165,0.10895914547129087,0.165,-0.05604085452870913,ensemble,65.0 <= temp_min <= 66.0 @ NYC on 2026-07-13,2026-07-14T19:47:54Z,no,16.5,bet
20260712T193638Z303428,2026-07-12T19:37:07Z,KXLOWTLAX-26JUL13-B66.5,KXLOWTLAX-26JUL13,2026-07-13,NO,84.04,0.805,0.5943860798328858,0.805,-0.21061392016711422,ensemble,66.0 <= temp_min <= 67.0 @ LOSANGELES on 2026-07-13,2026-07-14T19:47:54Z,yes,-83.85,bet
20260712T193751Z732058,2026-07-12T19:38:20Z,KXLOWTSFO-26JUL13-B60.5,KXLOWTSFO-26JUL13,2026-07-13,NO,84.04,0.405,0.2591066293922343,0.405,-0.14589337060776575,ensemble,60.0 <= temp_min <= 61.0 @ SANFRANCISCO on 2026-07-13,2026-07-14T19:47:54Z,yes,-83.89,bet
20260712T193820Z949783,2026-07-12T19:38:50Z,KXLOWTSFO-26JUL13-B56.5,KXLOWTSFO-26JUL13,2026-07-13,YES,84.04,0.04,0.1618962089367053,0.04,0.1218962089367053,ensemble,56.0 <= temp_min <= 57.0 @ SANFRANCISCO on 2026-07-13,2026-07-14T19:47:54Z,no,-84.04,bet
20260712T193850Z165094,2026-07-12T19:39:19Z,KXLOWTSFO-26JUL13-B58.5,KXLOWTSFO-26JUL13,2026-07-13,NO,84.04,0.32499999999999996,0.22777984116257996,0.32499999999999996,-0.09722015883742,ensemble,58.0 <= temp_min <= 59.0 @ SANFRANCISCO on 2026-07-13,2026-07-14T19:47:54Z,no,40.3,bet
20260712T194003Z174566,2026-07-12T19:40:32Z,KXLOWTCHI-26JUL13-B67.5,KXLOWTCHI-26JUL13,2026-07-13,YES,84.04,0.08499999999999999,0.4645933230235723,0.08499999999999999,0.3795933230235723,ensemble,67.0 <= temp_min <= 68.0 @ CHICAGO on 2026-07-13,2026-07-14T19:47:54Z,no,-83.98,bet
20260712T194032Z398984,2026-07-12T19:41:01Z,KXLOWTCHI-26JUL13-B69.5,KXLOWTCHI-26JUL13,2026-07-13,NO,84.04,0.585,0.4950145511226021,0.585,-0.08998544887739784,ensemble,69.0 <= temp_min <= 70.0 @ CHICAGO on 2026-07-13,2026-07-14T19:47:55Z,yes,-83.83,bet
20260712T194145Z423939,2026-07-12T19:42:14Z,KXLOWTDC-26JUL13-B65.5,KXLOWTDC-26JUL13,2026-07-13,YES,17.13,0.065,0.1662587246258248,0.065,0.1012587246258248,ensemble,65.0 <= temp_min <= 66.0 @ WASHINGTON on 2026-07-13,2026-07-14T19:47:55Z,no,-17.09,bet
20260713T195352Z649325,2026-07-13T19:54:22Z,KXLOWTLAX-26JUL14-B66.5,KXLOWTLAX-26JUL14,2026-07-14,NO,72.62,0.6950000000000001,0.5400145148919792,0.6950000000000001,-0.1549854851080209,ensemble,66.0 <= temp_min <= 67.0 @ LOSANGELES on 2026-07-14,2026-07-15T19:39:40Z,yes,-72.59,bet
20260713T195422Z262023,2026-07-13T19:54:51Z,KXLOWTLAX-26JUL14-B64.5,KXLOWTLAX-26JUL14,2026-07-14,YES,72.62,0.055,0.19885024165294413,0.055,0.14385024165294413,ensemble,64.0 <= temp_min <= 65.0 @ LOSANGELES on 2026-07-14,2026-07-15T19:39:40Z,no,-72.6,bet
20260713T195451Z748429,2026-07-13T19:55:21Z,KXLOWTLAX-26JUL14-B68.5,KXLOWTLAX-26JUL14,2026-07-14,YES,63.26,0.20500000000000002,0.29800590284992945,0.20500000000000002,0.09300590284992943,ensemble,68.0 <= temp_min <= 69.0 @ LOSANGELES on 2026-07-14,2026-07-15T19:39:40Z,no,-63.14,bet
20260713T195649Z720345,2026-07-13T19:57:19Z,KXLOWTCHI-26JUL14-B73.5,KXLOWTCHI-26JUL14,2026-07-14,YES,72.62,0.245,0.563915457282231,0.245,0.31891545728223103,ensemble,73.0 <= temp_min <= 74.0 @ CHICAGO on 2026-07-14,2026-07-15T19:39:41Z,yes,223.48,bet
20260713T195719Z204838,2026-07-13T19:57:48Z,KXLOWTCHI-26JUL14-B75.5,KXLOWTCHI-26JUL14,2026-07-14,NO,72.62,0.535,0.3800585160843481,0.535,-0.15494148391565193,ensemble,75.0 <= temp_min <= 76.0 @ CHICAGO on 2026-07-14,2026-07-15T19:39:41Z,no,83.46,bet
20260713T195832Z872076,2026-07-13T19:59:02Z,KXLOWTDC-26JUL14-B66.5,KXLOWTDC-26JUL14,2026-07-14,YES,46.12,0.185,0.2721852843363136,0.185,0.08718528433631362,ensemble,66.0 <= temp_min <= 67.0 @ WASHINGTON on 2026-07-14,2026-07-15T19:39:41Z,no,-46.06,bet
20260714T194841Z551258,2026-07-14T19:49:11Z,KXLOWTNYC-26JUL15-B79.5,KXLOWTNYC-26JUL15,2026-07-15,YES,68.76,0.445,0.6527380906945366,0.445,0.20773809069453658,ensemble,79.0 <= temp_min <= 80.0 @ NYC on 2026-07-15,2026-07-16T19:37:31Z,no,-68.53,bet
20260714T194911Z237118,2026-07-14T19:49:40Z,KXLOWTNYC-26JUL15-B77.5,KXLOWTNYC-26JUL15,2026-07-15,NO,68.76,0.265,0.1596937791579311,0.265,-0.10530622084206892,ensemble,77.0 <= temp_min <= 78.0 @ NYC on 2026-07-15,2026-07-16T19:37:31Z,no,24.64,bet
20260714T194940Z786269,2026-07-14T19:50:10Z,KXLOWTNYC-26JUL15-B75.5,KXLOWTNYC-26JUL15,2026-07-15,NO,68.76,0.115,0.059357857873807776,0.115,-0.05564214212619223,ensemble,75.0 <= temp_min <= 76.0 @ NYC on 2026-07-15,2026-07-16T19:37:31Z,yes,-68.14,bet
20260714T195054Z789231,2026-07-14T19:51:24Z,KXLOWTLAX-26JUL15-B70.5,KXLOWTLAX-26JUL15,2026-07-15,YES,68.76,0.045000000000000005,0.5403731643652239,0.045000000000000005,0.4953731643652239,ensemble,70.0 <= temp_min <= 71.0 @ LOSANGELES on 2026-07-15,2026-07-16T19:37:31Z,no,-68.72,bet
20260714T195124Z466075,2026-07-14T19:51:53Z,KXLOWTLAX-26JUL15-B66.5,KXLOWTLAX-26JUL15,2026-07-15,NO,68.76,0.135,0.07500198431479627,0.135,-0.05999801568520374,ensemble,66.0 <= temp_min <= 67.0 @ LOSANGELES on 2026-07-15,2026-07-16T19:37:31Z,no,10.67,bet
20260714T195238Z337481,2026-07-14T19:53:07Z,KXLOWTSFO-26JUL15-B59.5,KXLOWTSFO-26JUL15,2026-07-15,NO,68.76,0.7150000000000001,0.3499193846117053,0.7150000000000001,-0.3650806153882948,ensemble,59.0 <= temp_min <= 60.0 @ SANFRANCISCO on 2026-07-15,2026-07-16T19:37:32Z,no,172.32,bet
20260714T195307Z883070,2026-07-14T19:53:37Z,KXLOWTSFO-26JUL15-B55.5,KXLOWTSFO-26JUL15,2026-07-15,YES,68.76,0.03,0.1763737142037336,0.03,0.1463737142037336,ensemble,55.0 <= temp_min <= 56.0 @ SANFRANCISCO on 2026-07-15,2026-07-16T19:37:32Z,no,-68.76,bet
20260714T195337Z434214,2026-07-14T19:54:06Z,KXLOWTSFO-26JUL15-B57.5,KXLOWTSFO-26JUL15,2026-07-15,YES,32.18,0.245,0.33322002030218717,0.245,0.08822002030218717,ensemble,57.0 <= temp_min <= 58.0 @ SANFRANCISCO on 2026-07-15,2026-07-16T19:37:32Z,yes,98.91,bet
20260714T195451Z307241,2026-07-14T19:55:20Z,KXLOWTCHI-26JUL15-B77.5,KXLOWTCHI-26JUL15,2026-07-15,YES,68.76,0.32,0.44128612972245906,0.32,0.12128612972245906,ensemble,77.0 <= temp_min <= 78.0 @ CHICAGO on 2026-07-15,2026-07-16T19:37:32Z,no,-68.48,bet
20260714T195520Z857098,2026-07-14T19:55:50Z,KXLOWTCHI-26JUL15-B75.5,KXLOWTCHI-26JUL15,2026-07-15,YES,49.33,0.42000000000000004,0.5170691342449469,0.42000000000000004,0.0970691342449469,ensemble,75.0 <= temp_min <= 76.0 @ CHICAGO on 2026-07-15,2026-07-16T19:37:32Z,yes,67.86,bet
20260715T194058Z494682,2026-07-15T19:41:28Z,KXLOWTNYC-26JUL16-B78.5,KXLOWTNYC-26JUL16,2026-07-16,YES,69.81,0.24,0.4116258870633718,0.24,0.17162588706337178,ensemble,78.0 <= temp_min <= 79.0 @ NYC on 2026-07-16,2026-07-17T19:36:55Z,no,-69.6,bet
20260715T194128Z637643,2026-07-15T19:41:58Z,KXLOWTNYC-26JUL16-B74.5,KXLOWTNYC-26JUL16,2026-07-16,NO,69.81,0.215,0.1387872927115355,0.215,-0.07621270728846449,ensemble,74.0 <= temp_min <= 75.0 @ NYC on 2026-07-16,2026-07-17T19:36:55Z,yes,-69.08,bet
20260715T194158Z616655,2026-07-15T19:42:28Z,KXLOWTNYC-26JUL16-B76.5,KXLOWTNYC-26JUL16,2026-07-16,YES,67.18,0.31000000000000005,0.36311804366659195,0.31000000000000005,0.053118043666591896,ensemble,76.0 <= temp_min <= 77.0 @ NYC on 2026-07-16,2026-07-17T19:36:55Z,no,-66.96,bet
20260715T194314Z210220,2026-07-15T19:43:44Z,KXLOWTLAX-26JUL16-B68.5,KXLOWTLAX-26JUL16,2026-07-16,NO,69.81,0.665,0.2205277501459406,0.665,-0.4444722498540594,ensemble,68.0 <= temp_min <= 69.0 @ LOSANGELES on 2026-07-16,2026-07-17T19:36:56Z,yes,-69.68,bet
20260715T194344Z813590,2026-07-15T19:44:14Z,KXLOWTLAX-26JUL16-B70.5,KXLOWTLAX-26JUL16,2026-07-16,YES,69.81,0.125,0.5426781202653628,0.125,0.4176781202653628,ensemble,70.0 <= temp_min <= 71.0 @ LOSANGELES on 2026-07-16,2026-07-17T19:36:56Z,no,-69.75,bet
20260715T194459Z752264,2026-07-15T19:45:29Z,KXLOWTSFO-26JUL16-B56.5,KXLOWTSFO-26JUL16,2026-07-16,NO,69.2,0.865,0.6547165742310689,0.865,-0.2102834257689311,ensemble,56.0 <= temp_min <= 57.0 @ SANFRANCISCO on 2026-07-16,2026-07-17T19:36:56Z,yes,-69.12,bet
20260716T193849Z367656,2026-07-16T19:39:19Z,KXLOWTNYC-26JUL17-B73.5,KXLOWTNYC-26JUL17,2026-07-17,YES,70.45,0.19,0.4950145511226021,0.19,0.3050145511226021,ensemble,73.0 <= temp_min <= 74.0 @ NYC on 2026-07-17,2026-07-18T19:31:58Z,no,-70.3,bet
20260716T193919Z936572,2026-07-16T19:39:49Z,KXLOWTNYC-26JUL17-B69.5,KXLOWTNYC-26JUL17,2026-07-17,NO,70.45,0.22999999999999998,0.0765396915893144,0.22999999999999998,-0.1534603084106856,ensemble,69.0 <= temp_min <= 70.0 @ NYC on 2026-07-17,2026-07-18T19:31:58Z,yes,-70.07,bet
20260716T193949Z869459,2026-07-16T19:40:19Z,KXLOWTNYC-26JUL17-B71.5,KXLOWTNYC-26JUL17,2026-07-17,YES,70.45,0.375,0.4645933230235723,0.375,0.08959332302357231,ensemble,71.0 <= temp_min <= 72.0 @ NYC on 2026-07-17,2026-07-18T19:31:59Z,no,-70.12,bet
20260716T194150Z259583,2026-07-16T19:42:20Z,KXLOWTSFO-26JUL17-B56.5,KXLOWTSFO-26JUL17,2026-07-17,YES,70.45,0.225,0.42880873104743195,0.225,0.20380873104743194,ensemble,56.0 <= temp_min <= 57.0 @ SANFRANCISCO on 2026-07-17,2026-07-18T19:31:59Z,yes,242.57,bet
20260716T194304Z975732,2026-07-16T19:43:34Z,KXLOWTCHI-26JUL17-B73.5,KXLOWTCHI-26JUL17,2026-07-17,YES,70.45,0.20500000000000002,0.47124280174204836,0.20500000000000002,0.26624280174204834,ensemble,73.0 <= temp_min <= 74.0 @ CHICAGO on 2026-07-17,2026-07-18T19:31:59Z,no,-70.32,bet
20260716T194334Z868539,2026-07-16T19:44:04Z,KXLOWTCHI-26JUL17-B71.5,KXLOWTCHI-26JUL17,2026-07-17,YES,70.45,0.10500000000000001,0.2156695611594208,0.10500000000000001,0.11066956115942078,ensemble,71.0 <= temp_min <= 72.0 @ CHICAGO on 2026-07-17,2026-07-18T19:31:59Z,no,-70.35,bet
20260716T194449Z599722,2026-07-16T19:45:19Z,KXLOWTDC-26JUL17-B78.5,KXLOWTDC-26JUL17,2026-07-17,NO,70.45,0.385,0.24995164846352416,0.385,-0.13504835153647585,ensemble,78.0 <= temp_min <= 79.0 @ WASHINGTON on 2026-07-17,2026-07-18T19:31:59Z,no,43.89,bet
20260716T194519Z493121,2026-07-16T19:45:49Z,KXLOWTDC-26JUL17-B74.5,KXLOWTDC-26JUL17,2026-07-17,YES,39.77,0.16,0.2733531988718929,0.16,0.11335319887189291,ensemble,74.0 <= temp_min <= 75.0 @ WASHINGTON on 2026-07-17,2026-07-18T19:31:59Z,no,-39.68,bet
20260716T194635Z188169,2026-07-16T19:47:05Z,KXLOWTMIA-26JUL17-B79.5,KXLOWTMIA-26JUL17,2026-07-17,NO,70.45,0.45999999999999996,0.26810614640330843,0.45999999999999996,-0.19189385359669153,ensemble,79.0 <= temp_min <= 80.0 @ MIAMI on 2026-07-17,2026-07-18T19:31:59Z,no,59.8,bet
20260716T194705Z746293,2026-07-16T19:47:35Z,KXLOWTMIA-26JUL17-B77.5,KXLOWTMIA-26JUL17,2026-07-17,YES,37.75,0.075,0.1655723366540629,0.075,0.0905723366540629,ensemble,77.0 <= temp_min <= 78.0 @ MIAMI on 2026-07-17,2026-07-18T19:31:59Z,no,-37.73,bet
20260717T193814Z053769,2026-07-17T19:38:44Z,KXLOWTNYC-26JUL18-B74.5,KXLOWTNYC-26JUL18,2026-07-18,YES,62.17,0.06,0.20969285850420916,0.06,0.14969285850420916,ensemble,74.0 <= temp_min <= 75.0 @ NYC on 2026-07-18,2026-07-19T19:34:57Z,no,-62.16,bet
20260717T194014Z832602,2026-07-17T19:40:44Z,KXLOWTSFO-26JUL18-B56.5,KXLOWTSFO-26JUL18,2026-07-18,YES,62.17,0.25,0.3183278733231596,0.25,0.0683278733231596,ensemble,56.0 <= temp_min <= 57.0 @ SANFRANCISCO on 2026-07-18,2026-07-19T19:34:57Z,yes,186.0,bet
20260717T194129Z765279,2026-07-17T19:41:59Z,KXLOWTCHI-26JUL18-B73.5,KXLOWTCHI-26JUL18,2026-07-18,YES,62.17,0.335,0.4334638814911848,0.335,0.09846388149118479,ensemble,73.0 <= temp_min <= 74.0 @ CHICAGO on 2026-07-18,2026-07-19T19:34:57Z,no,-61.98,bet
20260717T194159Z742557,2026-07-17T19:42:29Z,KXLOWTCHI-26JUL18-B69.5,KXLOWTCHI-26JUL18,2026-07-18,NO,62.17,0.14,0.08707768355466242,0.14,-0.0529223164453376,ensemble,69.0 <= temp_min <= 70.0 @ CHICAGO on 2026-07-18,2026-07-19T19:34:57Z,no,10.08,bet
20260717T194314Z682581,2026-07-17T19:43:44Z,KXLOWTDC-26JUL18-B75.5,KXLOWTDC-26JUL18,2026-07-18,NO,42.68,0.535,0.28740214750171666,0.535,-0.24759785249828337,ensemble,75.0 <= temp_min <= 76.0 @ WASHINGTON on 2026-07-18,2026-07-19T19:34:57Z,yes,-42.31,bet
20260718T193316Z078182,2026-07-18T19:33:45Z,KXLOWTNYC-26JUL19-B71.5,KXLOWTNYC-26JUL19,2026-07-19,YES,60.52,0.26,0.44128612972245906,0.26,0.18128612972245906,ensemble,71.0 <= temp_min <= 72.0 @ NYC on 2026-07-19,2026-07-20T20:05:52Z,no,-60.32,bet
20260718T193345Z775269,2026-07-18T19:34:15Z,KXLOWTNYC-26JUL19-B69.5,KXLOWTNYC-26JUL19,2026-07-19,YES,60.52,0.36,0.5170691342449469,0.36,0.15706913424494695,ensemble,69.0 <= temp_min <= 70.0 @ NYC on 2026-07-19,2026-07-20T20:05:52Z,no,-60.48,bet
20260718T193415Z332161,2026-07-18T19:34:44Z,KXLOWTNYC-26JUL19-B67.5,KXLOWTNYC-26JUL19,2026-07-19,NO,60.52,0.185,0.08552919583186144,0.185,-0.09947080416813855,ensemble,67.0 <= temp_min <= 68.0 @ NYC on 2026-07-19,2026-07-20T20:05:52Z,yes,-60.31,bet
20260718T193529Z319503,2026-07-18T19:36:21Z,KXLOWTLAX-26JUL19-B67.5,KXLOWTLAX-26JUL19,2026-07-19,NO,60.52,0.55,0.43346388149118914,0.55,-0.1165361185088109,ensemble,67.0 <= temp_min <= 68.0 @ LOSANGELES on 2026-07-19,2026-07-20T20:05:52Z,yes,-60.3,bet
20260718T193622Z371546,2026-07-18T19:36:22Z,KXLOWTSFO-26JUL19-B56.5,KXLOWTSFO-26JUL19,2026-07-19,YES,60.52,0.455,0.5992699706574633,0.455,0.14426997065746333,ensemble,56.0 <= temp_min <= 57.0 @ SANFRANCISCO on 2026-07-19,2026-07-20T20:05:52Z,no,-60.52,bet
20260718T193703Z223762,2026-07-18T19:37:03Z,KXLOWTCHI-26JUL19-B66.5,KXLOWTCHI-26JUL19,2026-07-19,YES,60.52,0.11000000000000001,0.48613286004599926,0.11000000000000001,0.3761328600459992,ensemble,66.0 <= temp_min <= 67.0 @ CHICAGO on 2026-07-19,2026-07-20T20:05:52Z,no,-60.5,bet
20260718T193703Z955552,2026-07-18T19:37:04Z,KXLOWTCHI-26JUL19-B68.5,KXLOWTCHI-26JUL19,2026-07-19,YES,60.52,0.345,0.3549515348902401,0.345,0.009951534890240143,ensemble,68.0 <= temp_min <= 69.0 @ CHICAGO on 2026-07-19,2026-07-20T20:05:52Z,no,-60.37,bet
20260718T193705Z958203,2026-07-18T19:37:13Z,KXLOWTDC-26JUL19-B76.5,KXLOWTDC-26JUL19,2026-07-19,NO,60.52,0.42,0.25180779993553826,0.42,-0.16819220006446173,ensemble,76.0 <= temp_min <= 77.0 @ WASHINGTON on 2026-07-19,2026-07-20T20:05:52Z,no,43.68,bet
20260718T193713Z455636,2026-07-18T19:37:20Z,KXLOWTDC-26JUL19-B72.5,KXLOWTDC-26JUL19,2026-07-19,YES,60.52,0.045,0.2131375429418095,0.045,0.1681375429418095,ensemble,72.0 <= temp_min <= 73.0 @ WASHINGTON on 2026-07-19,2026-07-20T20:05:52Z,no,-60.48,bet
20260718T193720Z958505,2026-07-18T19:37:28Z,KXLOWTDC-26JUL19-B74.5,KXLOWTDC-26JUL19,2026-07-19,YES,46.45,0.28500000000000003,0.371960979924653,0.28500000000000003,0.08696097992465296,ensemble,74.0 <= temp_min <= 75.0 @ WASHINGTON on 2026-07-19,2026-07-20T20:05:52Z,yes,115.83,bet
20260718T193804Z158432,2026-07-18T19:38:06Z,KXLOWTMIA-26JUL19-B79.5,KXLOWTMIA-26JUL19,2026-07-19,NO,25.3,0.395,0.2134472800687712,0.395,-0.18155271993122882,ensemble,79.0 <= temp_min <= 80.0 @ MIAMI on 2026-07-19,2026-07-20T20:05:52Z,no,16.2,bet
20260719T193615Z289073,2026-07-19T19:36:45Z,KXLOWTNYC-26JUL20-B64.5,KXLOWTNYC-26JUL20,2026-07-20,YES,61.11,0.245,0.368918567740551,0.245,0.12391856774055099,ensemble,64.0 <= temp_min <= 65.0 @ NYC on 2026-07-20,2026-07-21T19:49:54Z,no,-61.0,bet
20260719T193645Z910073,2026-07-19T19:37:15Z,KXLOWTNYC-26JUL20-B60.5,KXLOWTNYC-26JUL20,2026-07-20,YES,48.18,0.11,0.17752358125610995,0.11,0.06752358125610995,ensemble,60.0 <= temp_min <= 61.0 @ NYC on 2026-07-20,2026-07-21T19:49:54Z,no,-48.07,bet
20260719T193801Z398970,2026-07-19T19:38:31Z,KXLOWTLAX-26JUL20-B67.5,KXLOWTLAX-26JUL20,2026-07-20,NO,61.11,0.775,0.6043727002002661,0.775,-0.1706272997997339,ensemble,67.0 <= temp_min <= 68.0 @ LOSANGELES on 2026-07-20,2026-07-21T19:49:55Z,yes,-60.97,bet
20260719T193916Z817683,2026-07-19T19:39:46Z,KXLOWTSFO-26JUL20-B58.5,KXLOWTSFO-26JUL20,2026-07-20,NO,61.11,0.66,0.6023441302016018,0.66,-0.05765586979839821,ensemble,58.0 <= temp_min <= 59.0 @ SANFRANCISCO on 2026-07-20,2026-07-21T19:49:55Z,yes,-60.86,bet
20260719T193946Z741445,2026-07-19T19:40:16Z,KXLOWTSFO-26JUL20-B56.5,KXLOWTSFO-26JUL20,2026-07-20,NO,61.11,0.21000000000000002,0.15327159510175403,0.21000000000000002,-0.05672840489824599,ensemble,56.0 <= temp_min <= 57.0 @ SANFRANCISCO on 2026-07-20,2026-07-21T19:49:55Z,no,16.17,bet
20260719T194101Z538167,2026-07-19T19:41:31Z,KXLOWTCHI-26JUL20-B64.5,KXLOWTCHI-26JUL20,2026-07-20,YES,7.63,0.26,0.5280965260936352,0.26,0.2680965260936352,ensemble,64.0 <= temp_min <= 65.0 @ CHICAGO on 2026-07-20,2026-07-21T19:49:55Z,no,-7.54,bet
20260720T200553Z714830,2026-07-20T20:05:53Z,KXLOWTNYC-26JUL21-B68.5,KXLOWTNYC-26JUL21,2026-07-21,NO,54.96,0.28500000000000003,0.05779369305787804,0.28500000000000003,-0.227206306942122,ensemble,68.0 <= temp_min <= 69.0 @ NYC on 2026-07-21,2026-07-22T19:47:56Z,no,21.66,bet
20260720T200553Z907251,2026-07-20T20:05:54Z,KXLOWTNYC-26JUL21-B70.5,KXLOWTNYC-26JUL21,2026-07-21,YES,54.96,0.33,0.5173725357145108,0.33,0.1873725357145108,ensemble,70.0 <= temp_min <= 71.0 @ NYC on 2026-07-21,2026-07-22T19:47:56Z,yes,111.22,bet
20260720T200554Z089902,2026-07-20T20:05:54Z,KXLOWTNYC-26JUL21-B66.5,KXLOWTNYC-26JUL21,2026-07-21,NO,54.96,0.14,0.008952685872469198,0.14,-0.13104731412753082,ensemble,66.0 <= temp_min <= 67.0 @ NYC on 2026-07-21,2026-07-22T19:47:56Z,no,8.82,bet
20260720T200554Z478985,2026-07-20T20:05:54Z,KXLOWTLAX-26JUL21-B68.5,KXLOWTLAX-26JUL21,2026-07-21,NO,54.96,0.64,0.19974884819961097,0.64,-0.44025115180038904,ensemble,68.0 <= temp_min <= 69.0 @ LOSANGELES on 2026-07-21,2026-07-22T19:47:56Z,no,97.28,bet
20260720T200554Z861430,2026-07-20T20:05:55Z,KXLOWTSFO-26JUL21-B57.5,KXLOWTSFO-26JUL21,2026-07-21,NO,54.96,0.405,0.14468801338624596,0.405,-0.2603119866137541,ensemble,57.0 <= temp_min <= 58.0 @ SANFRANCISCO on 2026-07-21,2026-07-22T19:47:56Z,no,37.26,bet
20260720T200555Z047923,2026-07-20T20:05:55Z,KXLOWTSFO-26JUL21-B59.5,KXLOWTSFO-26JUL21,2026-07-21,NO,54.96,0.46499999999999997,0.2228389603851108,0.46499999999999997,-0.24216103961488916,ensemble,59.0 <= temp_min <= 60.0 @ SANFRANCISCO on 2026-07-21,2026-07-22T19:47:57Z,no,47.43,bet
20260720T200555Z435670,2026-07-20T20:05:55Z,KXLOWTCHI-26JUL21-B68.5,KXLOWTCHI-26JUL21,2026-07-21,YES,54.96,0.23,0.5558012287584884,0.23,0.3258012287584884,ensemble,68.0 <= temp_min <= 69.0 @ CHICAGO on 2026-07-21,2026-07-22T19:47:57Z,no,-54.74,bet
20260720T200555Z617251,2026-07-20T20:05:55Z,KXLOWTCHI-26JUL21-B64.5,KXLOWTCHI-26JUL21,2026-07-21,NO,54.96,0.09,0.014697771268191299,0.09,-0.0753022287318087,ensemble,64.0 <= temp_min <= 65.0 @ CHICAGO on 2026-07-21,2026-07-22T19:47:57Z,no,5.4,bet
20260720T200556Z199289,2026-07-20T20:05:56Z,KXLOWTBOS-26JUL21-B58.5,KXLOWTBOS-26JUL21,2026-07-21,NO,54.96,0.07,0.004684083706517093,0.07,-0.06531591629348292,ensemble,58.0 <= temp_min <= 59.0 @ BOSTON on 2026-07-21,2026-07-22T19:47:57Z,no,4.13,bet
20260720T200556Z381598,2026-07-20T20:05:56Z,KXLOWTBOS-26JUL21-B60.5,KXLOWTBOS-26JUL21,2026-07-21,NO,29.52,0.08,0.026783615879393482,0.08,-0.053216384120606516,ensemble,60.0 <= temp_min <= 61.0 @ BOSTON on 2026-07-21,2026-07-22T19:47:57Z,no,2.56,bet
20260721T195041Z311831,2026-07-21T19:51:11Z,KXLOWTNYC-26JUL22-B70.5,KXLOWTNYC-26JUL22,2026-07-22,YES,50.52,0.26,0.4501384695781467,0.26,0.19013846957814667,ensemble,70.0 <= temp_min <= 71.0 @ NYC on 2026-07-22,2026-07-23T19:46:11Z,yes,143.56,bet
20260721T195111Z232082,2026-07-21T19:51:40Z,KXLOWTNYC-26JUL22-B72.5,KXLOWTNYC-26JUL22,2026-07-22,YES,44.93,0.28,0.33123506728671986,0.28,0.05123506728671984,ensemble,72.0 <= temp_min <= 73.0 @ NYC on 2026-07-22,2026-07-23T19:46:11Z,no,-44.8,bet
20260721T195224Z922258,2026-07-21T19:52:54Z,KXLOWTLAX-26JUL22-B68.5,KXLOWTLAX-26JUL22,2026-07-22,NO,50.52,0.375,0.26922412869009443,0.375,-0.10577587130990557,ensemble,68.0 <= temp_min <= 69.0 @ LOSANGELES on 2026-07-22,2026-07-23T19:46:11Z,yes,-50.0,bet
20260721T195338Z603794,2026-07-21T19:54:08Z,KXLOWTSFO-26JUL22-B59.5,KXLOWTSFO-26JUL22,2026-07-22,YES,50.52,0.095,0.3137379396009521,0.095,0.21873793960095209,ensemble,59.0 <= temp_min <= 60.0 @ SANFRANCISCO on 2026-07-22,2026-07-23T19:46:11Z,no,-50.45,bet
20260721T195408Z034120,2026-07-21T19:54:37Z,KXLOWTSFO-26JUL22-B63.5,KXLOWTSFO-26JUL22,2026-07-22,NO,37.08,0.395,0.2187579228526816,0.395,-0.1762420771473184,ensemble,63.0 <= temp_min <= 64.0 @ SANFRANCISCO on 2026-07-22,2026-07-23T19:46:12Z,no,24.09,bet
20260722T194915Z905777,2026-07-22T19:49:46Z,KXLOWTNYC-26JUL23-B66.5,KXLOWTNYC-26JUL23,2026-07-23,YES,56.14,0.35,0.497276784212735,0.35,0.14727678421273505,ensemble,66.0 <= temp_min <= 67.0 @ NYC on 2026-07-23,2026-07-24T19:53:05Z,no,-56.0,bet
20260722T194946Z900987,2026-07-22T19:50:16Z,KXLOWTNYC-26JUL23-B62.5,KXLOWTNYC-26JUL23,2026-07-23,NO,56.14,0.155,0.09204019023712215,0.155,-0.06295980976287785,ensemble,62.0 <= temp_min <= 63.0 @ NYC on 2026-07-23,2026-07-24T19:53:05Z,no,10.23,bet
20260722T195016Z791150,2026-07-22T19:50:46Z,KXLOWTNYC-26JUL23-B64.5,KXLOWTNYC-26JUL23,2026-07-23,YES,56.14,0.32,0.3799640920985088,0.32,0.05996409209850878,ensemble,64.0 <= temp_min <= 65.0 @ NYC on 2026-07-23,2026-07-24T19:53:05Z,yes,119.0,bet
20260722T195132Z151189,2026-07-22T19:52:02Z,KXLOWTLAX-26JUL23-B67.5,KXLOWTLAX-26JUL23,2026-07-23,YES,44.29,0.15000000000000002,0.20365434345187303,0.15000000000000002,0.053654343451873004,ensemble,67.0 <= temp_min <= 68.0 @ LOSANGELES on 2026-07-23,2026-07-24T19:53:06Z,yes,250.75,bet
20260722T195247Z721209,2026-07-22T19:53:17Z,KXLOWTSFO-26JUL23-B56.5,KXLOWTSFO-26JUL23,2026-07-23,YES,56.14,0.065,0.14941188481531253,0.065,0.08441188481531253,ensemble,56.0 <= temp_min <= 57.0 @ SANFRANCISCO on 2026-07-23,2026-07-24T19:53:06Z,no,-56.09,bet
20260722T195402Z636940,2026-07-22T19:54:32Z,KXLOWTCHI-26JUL23-B57.5,KXLOWTCHI-26JUL23,2026-07-23,YES,56.14,0.11499999999999999,0.25405498328433795,0.11499999999999999,0.13905498328433796,ensemble,57.0 <= temp_min <= 58.0 @ CHICAGO on 2026-07-23,2026-07-24T19:53:06Z,yes,431.88,bet
20260722T195517Z477435,2026-07-22T19:55:47Z,KXLOWTDC-26JUL23-B64.5,KXLOWTDC-26JUL23,2026-07-23,NO,56.14,0.20500000000000002,0.07635179416876939,0.20500000000000002,-0.12864820583123063,ensemble,64.0 <= temp_min <= 65.0 @ WASHINGTON on 2026-07-23,2026-07-24T19:53:06Z,no,14.35,bet
20260722T195547Z401884,2026-07-22T19:56:17Z,KXLOWTDC-26JUL23-B66.5,KXLOWTDC-26JUL23,2026-07-23,YES,56.14,0.395,0.44798774127563395,0.395,0.05298774127563394,ensemble,66.0 <= temp_min <= 67.0 @ WASHINGTON on 2026-07-23,2026-07-24T19:53:06Z,yes,85.91,bet
20260722T195617Z580518,2026-07-22T19:56:17Z,KXLOWTBOS-26JUL23-B57.5,KXLOWTBOS-26JUL23,2026-07-23,NO,44.87,0.055,0.0010722217672715182,0.055,-0.053927778232728485,ensemble,57.0 <= temp_min <= 58.0 @ BOSTON on 2026-07-23,2026-07-24T19:53:06Z,no,2.59,bet
20260722T195703Z619068,2026-07-22T19:57:03Z,KXLOWTPHX-26JUL23-B88.5,KXLOWTPHX-26JUL23,2026-07-23,NO,56.14,0.43,0.18250483005312307,0.43,-0.24749516994687693,ensemble,88.0 <= temp_min <= 89.0 @ PHOENIX on 2026-07-23,2026-07-24T19:53:06Z,no,42.14,bet
20260722T195749Z325628,2026-07-22T19:58:19Z,KXLOWTDEN-26JUL23-B65.5,KXLOWTDEN-26JUL23,2026-07-23,YES,56.14,0.18,0.5207794063215663,0.18,0.3407794063215663,ensemble,65.0 <= temp_min <= 66.0 @ DENVER on 2026-07-23,2026-07-24T19:53:06Z,yes,255.02,bet
20260722T195819Z365756,2026-07-22T19:58:49Z,KXLOWTDEN-26JUL23-B67.5,KXLOWTDEN-26JUL23,2026-07-23,YES,14.04,0.045000000000000005,0.24188437138813124,0.045000000000000005,0.19688437138813122,ensemble,67.0 <= temp_min <= 68.0 @ DENVER on 2026-07-23,2026-07-24T19:53:07Z,no,-14.0,bet
20260723T194729Z882021,2026-07-23T19:47:59Z,KXLOWTNYC-26JUL24-B64.5,KXLOWTNYC-26JUL24,2026-07-24,NO,56.58,0.365,0.26416166092511584,0.365,-0.10083833907488415,ensemble,64.0 <= temp_min <= 65.0 @ NYC on 2026-07-24,2026-07-25T19:34:55Z,yes,-56.52,bet
20260723T194845Z069702,2026-07-23T19:49:15Z,KXLOWTLAX-26JUL24-B69.5,KXLOWTLAX-26JUL24,2026-07-24,NO,56.58,0.605,0.29734916887059293,0.605,-0.30765083112940705,ensemble,69.0 <= temp_min <= 70.0 @ LOSANGELES on 2026-07-24,2026-07-25T19:34:55Z,no,86.52,bet
20260723T194915Z175880,2026-07-23T19:49:45Z,KXLOWTLAX-26JUL24-B67.5,KXLOWTLAX-26JUL24,2026-07-24,NO,56.58,0.225,0.11485795621931766,0.225,-0.11014204378068235,ensemble,67.0 <= temp_min <= 68.0 @ LOSANGELES on 2026-07-24,2026-07-25T19:34:55Z,yes,-56.58,bet
20260723T195030Z033006,2026-07-23T19:50:59Z,KXLOWTSFO-26JUL24-B56.5,KXLOWTSFO-26JUL24,2026-07-24,YES,56.58,0.20500000000000002,0.4544620956804657,0.20500000000000002,0.24946209568046568,ensemble,56.0 <= temp_min <= 57.0 @ SANFRANCISCO on 2026-07-24,2026-07-25T19:34:55Z,no,-56.38,bet
20260723T195059Z972856,2026-07-23T19:51:29Z,KXLOWTSFO-26JUL24-B58.5,KXLOWTSFO-26JUL24,2026-07-24,NO,13.97,0.645,0.42765018361862495,0.645,-0.21734981638137507,ensemble,58.0 <= temp_min <= 59.0 @ SANFRANCISCO on 2026-07-24,2026-07-25T19:34:55Z,no,25.16,bet
20260724T195424Z065548,2026-07-24T19:54:54Z,KXLOWTNYC-26JUL25-B65.5,KXLOWTNYC-26JUL25,2026-07-25,NO,78.3,0.495,0.29751745240908845,0.495,-0.19748254759091155,ensemble,65.0 <= temp_min <= 66.0 @ NYC on 2026-07-25,2026-07-27T19:54:51Z,yes,-78.28,bet
20260724T195454Z801773,2026-07-24T19:55:24Z,KXLOWTNYC-26JUL25-B67.5,KXLOWTNYC-26JUL25,2026-07-25,YES,78.3,0.31,0.49124013627476915,0.31,0.18124013627476915,ensemble,67.0 <= temp_min <= 68.0 @ NYC on 2026-07-25,2026-07-27T19:54:51Z,no,-78.12,bet
20260724T195524Z845059,2026-07-24T19:55:54Z,KXLOWTNYC-26JUL25-B63.5,KXLOWTNYC-26JUL25,2026-07-25,NO,78.3,0.175,0.08653346918717159,0.175,-0.0884665308128284,ensemble,63.0 <= temp_min <= 64.0 @ NYC on 2026-07-25,2026-07-27T19:54:51Z,no,16.45,bet
20260724T195640Z854349,2026-07-24T19:57:11Z,KXLOWTLAX-26JUL25-B67.5,KXLOWTLAX-26JUL25,2026-07-25,NO,78.3,0.41000000000000003,0.1489765837946514,0.41000000000000003,-0.26102341620534864,ensemble,67.0 <= temp_min <= 68.0 @ LOSANGELES on 2026-07-25,2026-07-27T19:54:51Z,no,54.12,bet
20260724T195711Z574146,2026-07-24T19:57:41Z,KXLOWTLAX-26JUL25-B65.5,KXLOWTLAX-26JUL25,2026-07-25,NO,78.3,0.135,0.06642926486689309,0.135,-0.06857073513310692,ensemble,65.0 <= temp_min <= 66.0 @ LOSANGELES on 2026-07-25,2026-07-27T19:54:51Z,no,12.15,bet
20260724T195826Z715226,2026-07-24T19:58:56Z,KXLOWTSFO-26JUL25-B56.5,KXLOWTSFO-26JUL25,2026-07-25,YES,78.3,0.165,0.3391101192781429,0.165,0.17411011927814288,ensemble,56.0 <= temp_min <= 57.0 @ SANFRANCISCO on 2026-07-25,2026-07-27T19:54:51Z,no,-78.21,bet
20260724T195856Z756810,2026-07-24T19:59:26Z,KXLOWTSFO-26JUL25-B58.5,KXLOWTSFO-26JUL25,2026-07-25,YES,78.3,0.355,0.48568205358178235,0.355,0.13068205358178236,ensemble,58.0 <= temp_min <= 59.0 @ SANFRANCISCO on 2026-07-25,2026-07-27T19:54:51Z,no,-78.1,bet
20260724T195926Z799606,2026-07-24T19:59:56Z,KXLOWTSFO-26JUL25-B54.5,KXLOWTSFO-26JUL25,2026-07-25,YES,56.07,0.04,0.09499834822902486,0.04,0.054998348229024864,ensemble,54.0 <= temp_min <= 55.0 @ SANFRANCISCO on 2026-07-25,2026-07-27T19:54:51Z,no,-56.04,bet
20260724T200006Z686462,2026-07-24T20:00:07Z,KXLOWTCHI-26JUL25-B62.5,KXLOWTCHI-26JUL25,2026-07-25,NO,78.3,0.28500000000000003,0.0777372106182051,0.28500000000000003,-0.20726278938179493,ensemble,62.0 <= temp_min <= 63.0 @ CHICAGO on 2026-07-25,2026-07-27T19:54:51Z,no,31.06,bet
20260724T200007Z583721,2026-07-24T20:00:07Z,KXLOWTCHI-26JUL25-B64.5,KXLOWTCHI-26JUL25,2026-07-25,YES,78.3,0.41000000000000003,0.5723395617246224,0.41000000000000003,0.16233956172462238,ensemble,64.0 <= temp_min <= 65.0 @ CHICAGO on 2026-07-25,2026-07-27T19:54:52Z,yes,112.1,bet
20260724T200007Z731033,2026-07-24T20:00:07Z,KXLOWTCHI-26JUL25-B66.5,KXLOWTCHI-26JUL25,2026-07-25,YES,78.3,0.185,0.2702444392298538,0.185,0.08524443922985381,ensemble,66.0 <= temp_min <= 67.0 @ CHICAGO on 2026-07-25,2026-07-27T19:54:52Z,no,-78.25,bet
20260724T200012Z983490,2026-07-24T20:00:20Z,KXLOWTDC-26JUL25-B66.5,KXLOWTDC-26JUL25,2026-07-25,NO,78.3,0.16499999999999998,0.10511374993466735,0.16499999999999998,-0.05988625006533263,ensemble,66.0 <= temp_min <= 67.0 @ WASHINGTON on 2026-07-25,2026-07-27T19:54:52Z,yes,-77.66,bet
20260724T200104Z771584,2026-07-24T20:01:05Z,KXLOWTMIA-26JUL25-B79.5,KXLOWTMIA-26JUL25,2026-07-25,NO,16.83,0.45499999999999996,0.23650593176492798,0.45499999999999996,-0.21849406823507198,ensemble,79.0 <= temp_min <= 80.0 @ MIAMI on 2026-07-25,2026-07-27T19:54:52Z,no,13.65,bet
20260725T193611Z413781,2026-07-25T19:36:41Z,KXLOWTNYC-26JUL26-B65.5,KXLOWTNYC-26JUL26,2026-07-26,NO,77.14,0.53,0.45364664150429235,0.53,-0.07635335849570768,ensemble,65.0 <= temp_min <= 66.0 @ NYC on 2026-07-26,2026-07-27T19:54:52Z,no,86.92,bet
20260725T193724Z949326,2026-07-25T19:37:54Z,KXLOWTLAX-26JUL26-B68.5,KXLOWTLAX-26JUL26,2026-07-26,NO,77.14,0.645,0.28377135365695305,0.645,-0.36122864634304697,ensemble,68.0 <= temp_min <= 69.0 @ LOSANGELES on 2026-07-26,2026-07-27T19:54:52Z,no,139.97,bet
20260725T193754Z276791,2026-07-25T19:38:23Z,KXLOWTLAX-26JUL26-B70.5,KXLOWTLAX-26JUL26,2026-07-26,YES,68.67,0.28,0.37895079105008517,0.28,0.09895079105008514,ensemble,70.0 <= temp_min <= 71.0 @ LOSANGELES on 2026-07-26,2026-07-27T19:54:52Z,yes,176.4,bet
20260727T195607Z655922,2026-07-27T19:56:37Z,KXLOWTNYC-26JUL28-B71.5,KXLOWTNYC-26JUL28,2026-07-28,YES,79.51,0.28500000000000003,0.5709901232312717,0.28500000000000003,0.2859901232312717,ensemble,71.0 <= temp_min <= 72.0 @ NYC on 2026-07-28,2026-07-29T19:45:16Z,no,-79.23,bet
20260727T195637Z359650,2026-07-27T19:57:06Z,KXLOWTNYC-26JUL28-B67.5,KXLOWTNYC-26JUL28,2026-07-28,NO,79.51,0.135,0.06760153961579157,0.135,-0.06739846038420844,ensemble,67.0 <= temp_min <= 68.0 @ NYC on 2026-07-28,2026-07-29T19:45:16Z,no,12.28,bet
20260727T195750Z925611,2026-07-27T19:58:20Z,KXLOWTLAX-26JUL28-B68.5,KXLOWTLAX-26JUL28,2026-07-28,NO,79.51,0.655,0.3508426914529491,0.655,-0.3041573085470509,ensemble,68.0 <= temp_min <= 69.0 @ LOSANGELES on 2026-07-28,2026-07-29T19:45:16Z,yes,-79.35,bet
20260727T195820Z592837,2026-07-27T19:58:49Z,KXLOWTLAX-26JUL28-B66.5,KXLOWTLAX-26JUL28,2026-07-28,YES,79.51,0.095,0.19145914941044162,0.095,0.09645914941044162,ensemble,66.0 <= temp_min <= 67.0 @ LOSANGELES on 2026-07-28,2026-07-29T19:45:16Z,no,-79.42,bet
20260727T195933Z669810,2026-07-27T20:00:02Z,KXLOWTSFO-26JUL28-B59.5,KXLOWTSFO-26JUL28,2026-07-28,NO,79.51,0.5549999999999999,0.35808974622120543,0.5549999999999999,-0.1969102537787945,ensemble,59.0 <= temp_min <= 60.0 @ SANFRANCISCO on 2026-07-28,2026-07-29T19:45:16Z,yes,-79.21,bet
20260727T200002Z915524,2026-07-27T20:00:17Z,KXLOWTSFO-26JUL28-B55.5,KXLOWTSFO-26JUL28,2026-07-28,YES,79.51,0.055,0.18135142540183058,0.055,0.12635142540183059,ensemble,55.0 <= temp_min <= 56.0 @ SANFRANCISCO on 2026-07-28,2026-07-29T19:45:16Z,no,-79.47,bet
20260727T200019Z781536,2026-07-27T20:00:27Z,KXLOWTCHI-26JUL28-B70.5,KXLOWTCHI-26JUL28,2026-07-28,YES,79.51,0.155,0.42521210154040884,0.155,0.27021210154040887,ensemble,70.0 <= temp_min <= 71.0 @ CHICAGO on 2026-07-28,2026-07-29T19:45:16Z,no,-79.36,bet
20260727T200027Z211652,2026-07-27T20:00:34Z,KXLOWTCHI-26JUL28-B66.5,KXLOWTCHI-26JUL28,2026-07-28,NO,79.51,0.185,0.03648596548339343,0.185,-0.14851403451660655,ensemble,66.0 <= temp_min <= 67.0 @ CHICAGO on 2026-07-28,2026-07-29T19:45:17Z,no,17.95,bet
20260727T200034Z648927,2026-07-27T20:00:42Z,KXLOWTCHI-26JUL28-B68.5,KXLOWTCHI-26JUL28,2026-07-28,NO,79.51,0.52,0.4397225969133115,0.52,-0.08027740308668851,ensemble,68.0 <= temp_min <= 69.0 @ CHICAGO on 2026-07-28,2026-07-29T19:45:17Z,yes,-79.2,bet
20260727T200109Z719325,2026-07-27T20:01:11Z,KXLOWTDC-26JUL28-B69.5,KXLOWTDC-26JUL28,2026-07-28,YES,79.51,0.07,0.21762905367427954,0.07,0.14762905367427953,ensemble,69.0 <= temp_min <= 70.0 @ WASHINGTON on 2026-07-28,2026-07-29T19:45:17Z,yes,1055.55,bet
20260727T200111Z523169,2026-07-27T20:01:11Z,KXLOWTDC-26JUL28-B67.5,KXLOWTDC-26JUL28,2026-07-28,YES,74.99,0.045000000000000005,0.07069149807609912,0.045000000000000005,0.025691498076099113,ensemble,67.0 <= temp_min <= 68.0 @ WASHINGTON on 2026-07-28,2026-07-29T19:45:17Z,no,-74.97,bet
20260727T200119Z388092,2026-07-27T20:01:26Z,KXLOWTMIA-26JUL28-B77.5,KXLOWTMIA-26JUL28,2026-07-28,NO,79.51,0.475,0.2517461439538674,0.475,-0.22325385604613257,ensemble,77.0 <= temp_min <= 78.0 @ MIAMI on 2026-07-28,2026-07-29T19:45:17Z,yes,-79.28,bet
20260727T200126Z925899,2026-07-27T20:01:34Z,KXLOWTMIA-26JUL28-B79.5,KXLOWTMIA-26JUL28,2026-07-28,YES,79.51,0.195,0.4121483382717572,0.195,0.21714833827175717,ensemble,79.0 <= temp_min <= 80.0 @ MIAMI on 2026-07-28,2026-07-29T19:45:17Z,no,-79.37,bet
20260727T200134Z560660,2026-07-27T20:01:34Z,KXLOWTPHX-26JUL28-B87.5,KXLOWTPHX-26JUL28,2026-07-28,YES,78.2,0.035,0.11092985429031563,0.035,0.07592985429031562,ensemble,87.0 <= temp_min <= 88.0 @ PHOENIX on 2026-07-28,2026-07-29T19:45:17Z,no,-78.19,bet
20260727T200211Z532961,2026-07-27T20:02:13Z,KXLOWTDEN-26JUL28-B68.5,KXLOWTDEN-26JUL28,2026-07-28,YES,79.51,0.12,0.5374536476446367,0.12,0.41745364764463666,ensemble,68.0 <= temp_min <= 69.0 @ DENVER on 2026-07-28,2026-07-29T19:45:17Z,no,-79.44,bet
20260727T200215Z871986,2026-07-27T20:02:16Z,KXHIGHTSFO-26JUL28-B71.5,KXHIGHTSFO-26JUL28,2026-07-28,NO,5.78,0.305,0.15724372906945738,0.305,-0.1477562709305426,ensemble,71.0 <= temp_max <= 72.0 @ SANFRANCISCO on 2026-07-28,2026-07-29T19:45:17Z,yes,-5.56,bet
20260729T194634Z019476,2026-07-29T19:47:03Z,KXLOWTNYC-26JUL30-B68.5,KXLOWTNYC-26JUL30,2026-07-30,YES,82.18,0.175,0.42540224188260706,0.175,0.25040224188260707,ensemble,68.0 <= temp_min <= 69.0 @ NYC on 2026-07-30,2026-07-31T19:52:02Z,no,-82.07,bet
20260729T194703Z932515,2026-07-29T19:47:33Z,KXLOWTNYC-26JUL30-B64.5,KXLOWTNYC-26JUL30,2026-07-30,NO,82.18,0.245,0.130723337388034,0.245,-0.114276662611966,ensemble,64.0 <= temp_min <= 65.0 @ NYC on 2026-07-30,2026-07-31T19:52:02Z,no,26.46,bet
20260729T194818Z526553,2026-07-29T19:48:48Z,KXLOWTLAX-26JUL30-B65.5,KXLOWTLAX-26JUL30,2026-07-30,YES,82.18,0.05,0.2866080395784605,0.05,0.2366080395784605,ensemble,65.0 <= temp_min <= 66.0 @ LOSANGELES on 2026-07-30,2026-07-31T19:52:02Z,no,-82.15,bet
20260729T194848Z435431,2026-07-29T19:49:18Z,KXLOWTLAX-26JUL30-B67.5,KXLOWTLAX-26JUL30,2026-07-30,NO,82.18,0.52,0.39494513003631976,0.52,-0.12505486996368026,ensemble,67.0 <= temp_min <= 68.0 @ LOSANGELES on 2026-07-30,2026-07-31T19:52:02Z,yes,-82.08,bet
20260729T194918Z195824,2026-07-29T19:49:47Z,KXLOWTLAX-26JUL30-B63.5,KXLOWTLAX-26JUL30,2026-07-30,YES,82.18,0.04,0.12040145589937329,0.04,0.08040145589937328,ensemble,63.0 <= temp_min <= 64.0 @ LOSANGELES on 2026-07-30,2026-07-31T19:52:02Z,no,-82.16,bet
20260729T195032Z675317,2026-07-29T19:51:02Z,KXLOWTSFO-26JUL30-B56.5,KXLOWTSFO-26JUL30,2026-07-30,NO,82.18,0.5549999999999999,0.3526744357501709,0.5549999999999999,-0.20232556424982906,ensemble,56.0 <= temp_min <= 57.0 @ SANFRANCISCO on 2026-07-30,2026-07-31T19:52:02Z,yes,-81.88,bet
20260729T195102Z441153,2026-07-29T19:51:32Z,KXLOWTSFO-26JUL30-B54.5,KXLOWTSFO-26JUL30,2026-07-30,YES,82.18,0.07,0.22688832185410768,0.07,0.15688832185410767,ensemble,54.0 <= temp_min <= 55.0 @ SANFRANCISCO on 2026-07-30,2026-07-31T19:52:02Z,no,-82.11,bet
20260729T195132Z205124,2026-07-29T19:52:01Z,KXLOWTSFO-26JUL30-B58.5,KXLOWTSFO-26JUL30,2026-07-30,YES,82.18,0.16999999999999998,0.305755630265114,0.16999999999999998,0.135755630265114,ensemble,58.0 <= temp_min <= 59.0 @ SANFRANCISCO on 2026-07-30,2026-07-31T19:52:02Z,no,-82.11,bet
20260729T195246Z626303,2026-07-29T19:53:16Z,KXLOWTCHI-26JUL30-B65.5,KXLOWTCHI-26JUL30,2026-07-30,YES,82.18,0.24,0.3328131911776701,0.24,0.09281319117767012,ensemble,65.0 <= temp_min <= 66.0 @ CHICAGO on 2026-07-30,2026-07-31T19:52:02Z,no,-82.08,bet
20260729T195316Z384110,2026-07-29T19:53:46Z,KXLOWTCHI-26JUL30-B63.5,KXLOWTCHI-26JUL30,2026-07-30,YES,82.18,0.33499999999999996,0.42518414967202367,0.33499999999999996,0.0901841496720237,ensemble,63.0 <= temp_min <= 64.0 @ CHICAGO on 2026-07-30,2026-07-31T19:52:03Z,yes,162.93,bet
20260729T195430Z808871,2026-07-29T19:55:00Z,KXLOWTDC-26JUL30-B68.5,KXLOWTDC-26JUL30,2026-07-30,NO,82.18,0.27,0.12839473168801507,0.27,-0.14160526831198494,ensemble,68.0 <= temp_min <= 69.0 @ WASHINGTON on 2026-07-30,2026-07-31T19:52:03Z,no,30.24,bet
20260729T195500Z777477,2026-07-29T19:55:00Z,KXLOWTBOS-26JUL30-B61.5,KXLOWTBOS-26JUL30,2026-07-30,NO,82.18,0.11,0.05089301069393129,0.11,-0.05910698930606871,ensemble,61.0 <= temp_min <= 62.0 @ BOSTON on 2026-07-30,2026-07-31T19:52:03Z,no,10.12,bet
20260729T195546Z224286,2026-07-29T19:56:16Z,KXLOWTMIA-26JUL30-B78.5,KXLOWTMIA-26JUL30,2026-07-30,NO,82.18,0.355,0.2469272329002449,0.355,-0.10807276709975508,ensemble,78.0 <= temp_min <= 79.0 @ MIAMI on 2026-07-30,2026-07-31T19:52:03Z,no,45.08,bet
20260729T195616Z585053,2026-07-29T19:56:46Z,KXLOWTMIA-26JUL30-B80.5,KXLOWTMIA-26JUL30,2026-07-30,YES,82.18,0.31,0.40001316329279957,0.31,0.09001316329279957,ensemble,80.0 <= temp_min <= 81.0 @ MIAMI on 2026-07-30,2026-07-31T19:52:03Z,yes,182.85,bet
20260729T195646Z570635,2026-07-29T19:56:46Z,KXLOWTPHX-26JUL30-B90.5,KXLOWTPHX-26JUL30,2026-07-30,NO,82.18,0.375,0.23728668795211885,0.375,-0.13771331204788115,ensemble,90.0 <= temp_min <= 91.0 @ PHOENIX on 2026-07-30,2026-07-31T19:52:03Z,no,49.12,bet
20260729T195731Z543676,2026-07-29T19:58:01Z,KXLOWTDEN-26JUL30-B65.5,KXLOWTDEN-26JUL30,2026-07-30,YES,0.01,0.29000000000000004,0.45669531164483557,0.29000000000000004,0.16669531164483553,ensemble,65.0 <= temp_min <= 66.0 @ DENVER on 2026-07-30,2026-07-31T19:52:03Z,no,0.0,bet
20260731T195318Z171624,2026-07-31T19:53:47Z,KXLOWTNYC-26AUG01-B69.5,KXLOWTNYC-26AUG01,2026-08-01,NO,79.18,0.41500000000000004,0.227944161657509,0.41500000000000004,-0.18705583834249104,ensemble,69.0 <= temp_min <= 70.0 @ NYC on 2026-08-01,2026-08-02T19:38:12Z,no,56.03,bet
20260731T195347Z540545,2026-07-31T19:54:16Z,KXLOWTNYC-26AUG01-B67.5,KXLOWTNYC-26AUG01,2026-08-01,NO,79.18,0.265,0.08655387610856442,0.265,-0.1784461238914356,ensemble,67.0 <= temp_min <= 68.0 @ NYC on 2026-08-01,2026-08-02T19:38:12Z,no,28.36,bet
20260731T195416Z830818,2026-07-31T19:54:46Z,KXLOWTNYC-26AUG01-B71.5,KXLOWTNYC-26AUG01,2026-08-01,YES,79.18,0.295,0.41344402662106333,0.295,0.11844402662106335,ensemble,71.0 <= temp_min <= 72.0 @ NYC on 2026-08-01,2026-08-02T19:38:13Z,yes,188.94,bet
20260731T195530Z339182,2026-07-31T19:55:59Z,KXLOWTLAX-26AUG01-B66.5,KXLOWTLAX-26AUG01,2026-08-01,NO,79.18,0.325,0.2571679644803023,0.325,-0.06783203551969769,ensemble,66.0 <= temp_min <= 67.0 @ LOSANGELES on 2026-08-01,2026-08-02T19:38:13Z,yes,-78.98,bet
20260731T195600Z009831,2026-07-31T19:56:29Z,KXLOWTLAX-26AUG01-B68.5,KXLOWTLAX-26AUG01,2026-08-01,NO,79.18,0.435,0.3725377097197437,0.435,-0.062462290280256294,ensemble,68.0 <= temp_min <= 69.0 @ LOSANGELES on 2026-08-01,2026-08-02T19:38:13Z,no,60.9,bet
20260731T195629Z222660,2026-07-31T19:56:58Z,KXLOWTLAX-26AUG01-T62,KXLOWTLAX-26AUG01,2026-08-01,YES,0.0,0.01,0.059166551828215,0.01,0.049166551828215,ensemble,temp_min <= 61.0 @ LOSANGELES on 2026-08-01,2026-08-02T19:38:12Z,no,0.0,no_bet
20260731T195742Z309064,2026-07-31T19:58:11Z,KXLOWTSFO-26AUG01-B56.5,KXLOWTSFO-26AUG01,2026-08-01,NO,79.18,0.595,0.3466360228411341,0.595,-0.24836397715886588,ensemble,56.0 <= temp_min <= 57.0 @ SANFRANCISCO on 2026-08-01,2026-08-02T19:38:13Z,yes,-78.98,bet
20260731T195811Z564527,2026-07-31T19:58:40Z,KXLOWTSFO-26AUG01-B58.5,KXLOWTSFO-26AUG01,2026-08-01,YES,79.18,0.29500000000000004,0.4009900160473365,0.29500000000000004,0.10599001604733643,ensemble,58.0 <= temp_min <= 59.0 @ SANFRANCISCO on 2026-08-01,2026-08-02T19:38:13Z,no,-79.06,bet
20260731T195840Z824007,2026-07-31T19:59:10Z,KXLOWTSFO-26AUG01-B54.5,KXLOWTSFO-26AUG01,2026-08-01,YES,79.18,0.055,0.142006931017167,0.055,0.087006931017167,ensemble,54.0 <= temp_min <= 55.0 @ SANFRANCISCO on 2026-08-01,2026-08-02T19:38:13Z,no,-79.14,bet
20260731T195910Z032189,2026-07-31T19:59:39Z,KXLOWTSFO-26AUG01-B52.5,KXLOWTSFO-26AUG01,2026-08-01,YES,0.0,0.025,0.0669184629424222,0.025,0.04191846294242219,ensemble,52.0 <= temp_min <= 53.0 @ SANFRANCISCO on 2026-08-01,2026-08-02T19:38:12Z,no,0.0,no_bet
20260731T195939Z235888,2026-07-31T20:00:09Z,KXLOWTSFO-26AUG01-T52,KXLOWTSFO-26AUG01,2026-08-01,YES,0.0,0.015,0.059021085774400545,0.015,0.044021085774400545,ensemble,temp_min <= 51.0 @ SANFRANCISCO on 2026-08-01,2026-08-02T19:38:12Z,no,0.0,no_bet
20260731T200012Z440552,2026-07-31T20:00:15Z,KXLOWTCHI-26AUG01-B66.5,KXLOWTCHI-26AUG01,2026-08-01,YES,79.18,0.275,0.4281390488254197,0.275,0.15313904882541968,ensemble,66.0 <= temp_min <= 67.0 @ CHICAGO on 2026-08-01,2026-08-02T19:38:13Z,yes,208.07,bet
20260731T200015Z093491,2026-07-31T20:00:15Z,KXLOWTCHI-26AUG01-B64.5,KXLOWTCHI-26AUG01,2026-08-01,NO,79.18,0.135,0.03442261751572061,0.135,-0.1005773824842794,ensemble,64.0 <= temp_min <= 65.0 @ CHICAGO on 2026-08-01,2026-08-02T19:38:14Z,no,12.28,bet
20260731T200015Z301329,2026-07-31T20:00:15Z,KXLOWTCHI-26AUG01-B68.5,KXLOWTCHI-26AUG01,2026-08-01,YES,79.18,0.355,0.44865037714242745,0.355,0.09365037714242747,ensemble,68.0 <= temp_min <= 69.0 @ CHICAGO on 2026-08-01,2026-08-02T19:38:14Z,no,-79.16,bet
20260731T200015Z466537,2026-07-31T20:00:15Z,KXLOWTCHI-26AUG01-T62,KXLOWTCHI-26AUG01,2026-08-01,YES,0.0,0.025,0.028667925008550994,0.025,0.003667925008550992,ensemble,temp_min <= 61.0 @ CHICAGO on 2026-08-01,2026-08-02T19:38:12Z,no,0.0,no_bet
20260731T200015Z618095,2026-07-31T20:00:15Z,KXLOWTCHI-26AUG01-B62.5,KXLOWTCHI-26AUG01,2026-08-01,NO,0.0,0.045,0.01028642383632436,0.045,-0.03471357616367564,ensemble,62.0 <= temp_min <= 63.0 @ CHICAGO on 2026-08-01,2026-08-02T19:38:12Z,no,0.0,no_bet
20260731T200059Z642786,2026-07-31T20:01:13Z,KXLOWTDC-26AUG01-B72.5,KXLOWTDC-26AUG01,2026-08-01,YES,79.18,0.255,0.4391908965638963,0.255,0.1841908965638963,ensemble,72.0 <= temp_min <= 73.0 @ WASHINGTON on 2026-08-01,2026-08-02T19:38:14Z,no,-79.05,bet
20260731T200113Z713952,2026-07-31T20:01:13Z,KXLOWTDC-26AUG01-B68.5,KXLOWTDC-26AUG01,2026-08-01,NO,79.18,0.15000000000000002,0.04444675691466632,0.15000000000000002,-0.1055532430853337,ensemble,68.0 <= temp_min <= 69.0 @ WASHINGTON on 2026-08-01,2026-08-02T19:38:14Z,no,13.95,bet
20260731T200113Z873590,2026-07-31T20:01:14Z,KXLOWTDC-26AUG01-B70.5,KXLOWTDC-26AUG01,2026-08-01,YES,0.0,0.425,0.43282024670402497,0.425,0.00782024670402498,ensemble,70.0 <= temp_min <= 71.0 @ WASHINGTON on 2026-08-01,2026-08-02T19:38:12Z,yes,0.0,no_bet
20260731T200114Z024546,2026-07-31T20:01:14Z,KXLOWTDC-26AUG01-T73,KXLOWTDC-26AUG01,2026-08-01,YES,0.0,0.060000000000000005,0.05019135366965147,0.060000000000000005,-0.009808646330348537,ensemble,temp_min >= 74.0 @ WASHINGTON on 2026-08-01,2026-08-02T19:38:12Z,no,0.0,no_bet
20260731T200126Z259737,2026-07-31T20:01:33Z,KXLOWTMIA-26AUG01-B77.5,KXLOWTMIA-26AUG01,2026-08-01,NO,79.18,0.355,0.17623911027482178,0.355,-0.1787608897251782,ensemble,77.0 <= temp_min <= 78.0 @ MIAMI on 2026-08-01,2026-08-02T19:38:14Z,no,43.31,bet
20260731T200133Z817455,2026-07-31T20:01:41Z,KXLOWTMIA-26AUG01-B79.5,KXLOWTMIA-26AUG01,2026-08-01,NO,79.18,0.405,0.2565450422523087,0.405,-0.14845495774769135,ensemble,79.0 <= temp_min <= 80.0 @ MIAMI on 2026-08-01,2026-08-02T19:38:14Z,no,53.87,bet
20260731T200141Z219843,2026-07-31T20:01:48Z,KXLOWTMIA-26AUG01-B75.5,KXLOWTMIA-26AUG01,2026-08-01,NO,0.0,0.11499999999999999,0.07567435546993208,0.11499999999999999,-0.03932564453006791,ensemble,75.0 <= temp_min <= 76.0 @ MIAMI on 2026-08-01,2026-08-02T19:38:12Z,no,0.0,no_bet
20260731T200148Z615486,2026-07-31T20:01:56Z,KXLOWTMIA-26AUG01-B73.5,KXLOWTMIA-26AUG01,2026-08-01,NO,0.0,0.025,0.0114330533053241,0.025,-0.013566946694675902,ensemble,73.0 <= temp_min <= 74.0 @ MIAMI on 2026-08-01,2026-08-02T19:38:12Z,yes,0.0,no_bet
20260731T200214Z274969,2026-07-31T20:02:16Z,KXLOWTDEN-26AUG01-B64.5,KXLOWTDEN-26AUG01,2026-08-01,YES,0.06,0.135,0.41008725435347015,0.135,0.27508725435347015,ensemble,64.0 <= temp_min <= 65.0 @ DENVER on 2026-08-01,2026-08-02T19:38:14Z,no,0.0,bet
20260731T200216Z804290,2026-07-31T20:02:16Z,KXLOWTDEN-26AUG01-T65,KXLOWTDEN-26AUG01,2026-08-01,YES,0.0,0.035,0.06596436125240937,0.035,0.030964361252409367,ensemble,temp_min >= 66.0 @ DENVER on 2026-08-01,2026-08-02T19:38:12Z,no,0.0,no_bet
20260802T193900Z025865,2026-08-02T19:39:29Z,KXLOWTNYC-26AUG03-B74.5,KXLOWTNYC-26AUG03,2026-08-03,YES,83.01,0.115,0.6527380906945366,0.115,0.5377380906945366,ensemble,74.0 <= temp_min <= 75.0 @ NYC on 2026-08-03,2026-08-04T20:04:10Z,no,-82.92,bet
20260802T193929Z707333,2026-08-02T19:39:59Z,KXLOWTNYC-26AUG03-B72.5,KXLOWTNYC-26AUG03,2026-08-03,NO,83.01,0.45,0.24345838715107285,0.45,-0.20654161284892716,ensemble,72.0 <= temp_min <= 73.0 @ NYC on 2026-08-03,2026-08-04T20:04:10Z,no,67.5,bet
20260802T193959Z259323,2026-08-02T19:40:28Z,KXLOWTNYC-26AUG03-B70.5,KXLOWTNYC-26AUG03,2026-08-03,NO,83.01,0.245,0.06100574320036809,0.245,-0.1839942567996319,ensemble,70.0 <= temp_min <= 71.0 @ NYC on 2026-08-03,2026-08-04T20:04:10Z,yes,-82.3,bet
20260802T194028Z779218,2026-08-02T19:40:58Z,KXLOWTNYC-26AUG03-B68.5,KXLOWTNYC-26AUG03,2026-08-03,YES,0.0,0.055,0.05875224881272278,0.055,0.0037522488127227777,ensemble,68.0 <= temp_min <= 69.0 @ NYC on 2026-08-03,2026-08-04T20:04:09Z,no,0.0,no_bet
20260802T194058Z291195,2026-08-02T19:41:27Z,KXLOWTNYC-26AUG03-T68,KXLOWTNYC-26AUG03,2026-08-03,YES,0.0,0.025,0.0587515487123186,0.025,0.0337515487123186,ensemble,temp_min <= 67.0 @ NYC on 2026-08-03,2026-08-04T20:04:09Z,no,0.0,no_bet
20260802T194212Z710074,2026-08-02T19:42:42Z,KXLOWTLAX-26AUG03-B67.5,KXLOWTLAX-26AUG03,2026-08-03,NO,83.01,0.61,0.39951782227062343,0.61,-0.21048217772937655,ensemble,67.0 <= temp_min <= 68.0 @ LOSANGELES on 2026-08-03,2026-08-04T20:04:10Z,yes,-82.68,bet
20260802T194242Z354591,2026-08-02T19:43:11Z,KXLOWTLAX-26AUG03-B65.5,KXLOWTLAX-26AUG03,2026-08-03,YES,0.0,0.135,0.14305530748897421,0.135,0.008055307488974206,ensemble,65.0 <= temp_min <= 66.0 @ LOSANGELES on 2026-08-03,2026-08-04T20:04:09Z,no,0.0,no_bet
20260802T194356Z189293,2026-08-02T19:44:25Z,KXLOWTSFO-26AUG03-B54.5,KXLOWTSFO-26AUG03,2026-08-03,YES,83.01,0.135,0.2803590844745738,0.135,0.1453590844745738,ensemble,54.0 <= temp_min <= 55.0 @ SANFRANCISCO on 2026-08-03,2026-08-04T20:04:10Z,no,-82.89,bet
20260802T194425Z739170,2026-08-02T19:44:55Z,KXLOWTSFO-26AUG03-B56.5,KXLOWTSFO-26AUG03,2026-08-03,NO,83.01,0.67,0.5543590255658316,0.67,-0.11564097443416843,ensemble,56.0 <= temp_min <= 57.0 @ SANFRANCISCO on 2026-08-03,2026-08-04T20:04:11Z,yes,-82.83,bet
20260802T194455Z251888,2026-08-02T19:45:24Z,KXLOWTSFO-26AUG03-B58.5,KXLOWTSFO-26AUG03,2026-08-03,YES,0.0,0.185,0.20633079456117098,0.185,0.021330794561170985,ensemble,58.0 <= temp_min <= 59.0 @ SANFRANCISCO on 2026-08-03,2026-08-04T20:04:09Z,no,0.0,no_bet
20260802T194524Z764285,2026-08-02T19:45:54Z,KXLOWTSFO-26AUG03-T59,KXLOWTSFO-26AUG03,2026-08-03,YES,0.0,0.015,0.06407447148371004,0.015,0.04907447148371004,ensemble,temp_min >= 60.0 @ SANFRANCISCO on 2026-08-03,2026-08-04T20:04:09Z,no,0.0,no_bet
20260802T194638Z597016,2026-08-02T19:47:08Z,KXLOWTCHI-26AUG03-B64.5,KXLOWTCHI-26AUG03,2026-08-03,YES,83.01,0.355,0.49501455112260423,0.355,0.14001455112260425,ensemble,64.0 <= temp_min <= 65.0 @ CHICAGO on 2026-08-03,2026-08-04T20:04:11Z,no,-82.71,bet
20260802T194708Z144438,2026-08-02T19:47:37Z,KXLOWTCHI-26AUG03-B62.5,KXLOWTCHI-26AUG03,2026-08-03,YES,83.01,0.32499999999999996,0.4645933230235701,0.32499999999999996,0.13959332302357014,ensemble,62.0 <= temp_min <= 63.0 @ CHICAGO on 2026-08-03,2026-08-04T20:04:11Z,yes,172.12,bet
20260802T194821Z981053,2026-08-02T19:48:51Z,KXLOWTDC-26AUG03-B74.5,KXLOWTDC-26AUG03,2026-08-03,YES,83.01,0.45499999999999996,0.6610894633377878,0.45499999999999996,0.20608946333778788,ensemble,74.0 <= temp_min <= 75.0 @ WASHINGTON on 2026-08-03,2026-08-04T20:04:11Z,yes,99.19,bet
20260802T194851Z496063,2026-08-02T19:49:20Z,KXLOWTDC-26AUG03-B72.5,KXLOWTDC-26AUG03,2026-08-03,YES,0.0,0.185,0.20287669559297755,0.185,0.017876695592977554,ensemble,72.0 <= temp_min <= 73.0 @ WASHINGTON on 2026-08-03,2026-08-04T20:04:09Z,no,0.0,no_bet
20260802T194921Z242117,2026-08-02T19:49:21Z,KXLOWTBOS-26AUG03-B68.5,KXLOWTBOS-26AUG03,2026-08-03,YES,83.01,0.15500000000000003,0.26108477574886135,0.15500000000000003,0.10608477574886133,ensemble,68.0 <= temp_min <= 69.0 @ BOSTON on 2026-08-03,2026-08-04T20:04:11Z,no,-82.93,bet
20260802T194921Z387302,2026-08-02T19:49:21Z,KXLOWTBOS-26AUG03-B66.5,KXLOWTBOS-26AUG03,2026-08-03,YES,0.0,0.05,0.08948842147102759,0.05,0.03948842147102759,ensemble,66.0 <= temp_min <= 67.0 @ BOSTON on 2026-08-03,2026-08-04T20:04:09Z,no,0.0,no_bet
20260802T195006Z498720,2026-08-02T19:50:36Z,KXLOWTMIA-26AUG03-B81.5,KXLOWTMIA-26AUG03,2026-08-03,YES,83.01,0.095,0.31372796929807056,0.095,0.21872796929807056,ensemble,81.0 <= temp_min <= 82.0 @ MIAMI on 2026-08-03,2026-08-04T20:04:11Z,no,-82.94,bet
20260802T195036Z573671,2026-08-02T19:51:06Z,KXLOWTMIA-26AUG03-B79.5,KXLOWTMIA-26AUG03,2026-08-03,YES,83.01,0.355,0.4898936741004493,0.355,0.13489367410044933,ensemble,79.0 <= temp_min <= 80.0 @ MIAMI on 2026-08-03,2026-08-04T20:04:11Z,no,-82.71,bet
20260802T195106Z119241,2026-08-02T19:51:35Z,KXLOWTMIA-26AUG03-B77.5,KXLOWTMIA-26AUG03,2026-08-03,NO,83.01,0.325,0.21213099457333603,0.325,-0.11286900542666398,ensemble,77.0 <= temp_min <= 78.0 @ MIAMI on 2026-08-03,2026-08-04T20:04:12Z,no,39.65,bet
20260802T195135Z636523,2026-08-02T19:52:05Z,KXLOWTMIA-26AUG03-T75,KXLOWTMIA-26AUG03,2026-08-03,YES,0.0,0.035,0.05890289007955644,0.035,0.023902890079556434,ensemble,temp_min <= 74.0 @ MIAMI on 2026-08-03,2026-08-04T20:04:09Z,yes,0.0,no_bet
20260802T195205Z391594,2026-08-02T19:52:05Z,KXLOWTPHX-26AUG03-B90.5,KXLOWTPHX-26AUG03,2026-08-03,YES,83.01,0.105,0.23643041091108674,0.105,0.13143041091108676,ensemble,90.0 <= temp_min <= 91.0 @ PHOENIX on 2026-08-03,2026-08-04T20:04:12Z,no,-82.95,bet
20260802T195205Z574004,2026-08-02T19:52:05Z,KXLOWTPHX-26AUG03-B92.5,KXLOWTPHX-26AUG03,2026-08-03,NO,83.01,0.46499999999999997,0.3427383207966401,0.46499999999999997,-0.1222616792033599,ensemble,92.0 <= temp_min <= 93.0 @ PHOENIX on 2026-08-03,2026-08-04T20:04:12Z,yes,-82.93,bet
20260802T195205Z719641,2026-08-02T19:52:05Z,KXLOWTPHX-26AUG03-B88.5,KXLOWTPHX-26AUG03,2026-08-03,YES,0.0,0.04,0.07716350672904662,0.04,0.03716350672904662,ensemble,88.0 <= temp_min <= 89.0 @ PHOENIX on 2026-08-03,2026-08-04T20:04:09Z,no,0.0,no_bet
20260802T195205Z858974,2026-08-02T19:52:05Z,KXLOWTPHX-26AUG03-T86,KXLOWTPHX-26AUG03,2026-08-03,YES,0.0,0.025,0.06497830642596213,0.025,0.039978306425962125,ensemble,temp_min <= 85.0 @ PHOENIX on 2026-08-03,2026-08-04T20:04:09Z,no,0.0,no_bet
20260802T195250Z869696,2026-08-02T19:53:20Z,KXLOWTDEN-26AUG03-B68.5,KXLOWTDEN-26AUG03,2026-08-03,NO,0.01,0.15000000000000002,0.08000186001777937,0.15000000000000002,-0.06999813998222065,ensemble,68.0 <= temp_min <= 69.0 @ DENVER on 2026-08-03,2026-08-04T20:04:12Z,no,0.0,bet
20260802T195320Z510451,2026-08-02T19:53:50Z,KXLOWTDEN-26AUG03-B70.5,KXLOWTDEN-26AUG03,2026-08-03,NO,0.0,0.21000000000000002,0.2027317248088665,0.21000000000000002,-0.007268275191133516,ensemble,70.0 <= temp_min <= 71.0 @ DENVER on 2026-08-03,2026-08-04T20:04:09Z,no,0.0,no_bet
20260804T200412Z862870,2026-08-04T20:04:13Z,KXLOWTNYC-26AUG05-B67.5,KXLOWTNYC-26AUG05,2026-08-05,NO,72.36,0.395,0.2267692556273698,0.395,-0.16823074437263022,ensemble,67.0 <= temp_min <= 68.0 @ NYC on 2026-08-05,2026-08-07T00:28:22Z,no,47.0,bet
20260804T200413Z022599,2026-08-04T20:04:13Z,KXLOWTNYC-26AUG05-B69.5,KXLOWTNYC-26AUG05,2026-08-05,NO,0.0,0.315,0.313902099269711,0.315,-0.001097900730288981,ensemble,69.0 <= temp_min <= 70.0 @ NYC on 2026-08-05,2026-08-07T00:28:22Z,yes,0.0,no_bet
20260804T200413Z417577,2026-08-04T20:04:13Z,KXLOWTLAX-26AUG05-B67.5,KXLOWTLAX-26AUG05,2026-08-05,NO,72.36,0.565,0.4488034930290291,0.565,-0.11619650697097084,ensemble,67.0 <= temp_min <= 68.0 @ LOSANGELES on 2026-08-05,2026-08-07T00:28:23Z,yes,-72.21,bet
20260804T200413Z572193,2026-08-04T20:04:13Z,KXLOWTLAX-26AUG05-B65.5,KXLOWTLAX-26AUG05,2026-08-05,YES,0.0,0.295,0.2962734869182833,0.295,0.0012734869182833286,ensemble,65.0 <= temp_min <= 66.0 @ LOSANGELES on 2026-08-05,2026-08-07T00:28:22Z,no,0.0,no_bet
20260804T200417Z851379,2026-08-04T20:04:26Z,KXLOWTSFO-26AUG05-B58.5,KXLOWTSFO-26AUG05,2026-08-05,NO,72.36,0.625,0.5072900120530537,0.625,-0.11770998794694632,ensemble,58.0 <= temp_min <= 59.0 @ SANFRANCISCO on 2026-08-05,2026-08-07T00:28:23Z,yes,-72.0,bet
20260804T200427Z042350,2026-08-04T20:04:27Z,KXLOWTSFO-26AUG05-B56.5,KXLOWTSFO-26AUG05,2026-08-05,NO,72.36,0.225,0.11002979015975771,0.225,-0.1149702098402423,ensemble,56.0 <= temp_min <= 57.0 @ SANFRANCISCO on 2026-08-05,2026-08-07T00:28:23Z,no,20.92,bet
20260804T200427Z194976,2026-08-04T20:04:27Z,KXLOWTSFO-26AUG05-B54.5,KXLOWTSFO-26AUG05,2026-08-05,NO,0.0,0.030000000000000002,0.02333277020155776,0.030000000000000002,-0.006667229798442243,ensemble,54.0 <= temp_min <= 55.0 @ SANFRANCISCO on 2026-08-05,2026-08-07T00:28:22Z,no,0.0,no_bet
20260804T200427Z346534,2026-08-04T20:04:27Z,KXLOWTSFO-26AUG05-B52.5,KXLOWTSFO-26AUG05,2026-08-05,NO,0.0,0.030000000000000002,0.008140358547235249,0.030000000000000002,-0.021859641452764755,ensemble,52.0 <= temp_min <= 53.0 @ SANFRANCISCO on 2026-08-05,2026-08-07T00:28:22Z,no,0.0,no_bet
20260804T200429Z053667,2026-08-04T20:04:36Z,KXLOWTCHI-26AUG05-B69.5,KXLOWTCHI-26AUG05,2026-08-05,NO,72.36,0.43,0.30477393122378255,0.43,-0.12522606877621745,ensemble,69.0 <= temp_min <= 70.0 @ CHICAGO on 2026-08-05,2026-08-07T00:28:23Z,yes,-71.82,bet
20260804T200436Z556450,2026-08-04T20:04:44Z,KXLOWTCHI-26AUG05-B67.5,KXLOWTCHI-26AUG05,2026-08-05,YES,72.36,0.20500000000000002,0.31473647149209383,0.20500000000000002,0.10973647149209381,ensemble,67.0 <= temp_min <= 68.0 @ CHICAGO on 2026-08-05,2026-08-07T00:28:23Z,no,-72.16,bet
20260804T200444Z058564,2026-08-04T20:04:51Z,KXLOWTCHI-26AUG05-B65.5,KXLOWTCHI-26AUG05,2026-08-05,YES,72.36,0.045,0.1510718942331671,0.045,0.10607189423316711,ensemble,65.0 <= temp_min <= 66.0 @ CHICAGO on 2026-08-05,2026-08-07T00:28:23Z,no,-72.36,bet
20260804T200451Z519102,2026-08-04T20:04:58Z,KXLOWTCHI-26AUG05-B63.5,KXLOWTCHI-26AUG05,2026-08-05,YES,0.0,0.015,0.037137216237369104,0.015,0.022137216237369105,ensemble,63.0 <= temp_min <= 64.0 @ CHICAGO on 2026-08-05,2026-08-07T00:28:22Z,no,0.0,no_bet
20260804T200458Z980257,2026-08-04T20:05:11Z,KXLOWTCHI-26AUG05-T63,KXLOWTCHI-26AUG05,2026-08-05,YES,0.0,0.02,0.03603751074391035,0.02,0.01603751074391035,ensemble,temp_min <= 62.0 @ CHICAGO on 2026-08-05,2026-08-07T00:28:22Z,no,0.0,no_bet
20260804T200518Z951100,2026-08-04T20:05:19Z,KXLOWTDC-26AUG05-B71.5,KXLOWTDC-26AUG05,2026-08-05,NO,72.36,0.11499999999999999,0.03450288720933904,0.11499999999999999,-0.08049711279066095,ensemble,71.0 <= temp_min <= 72.0 @ WASHINGTON on 2026-08-05,2026-08-07T00:28:23Z,no,9.31,bet
20260804T200519Z923881,2026-08-04T20:05:20Z,KXLOWTDC-26AUG05-B73.5,KXLOWTDC-26AUG05,2026-08-05,YES,72.36,0.305,0.37065465039435946,0.305,0.06565465039435947,ensemble,73.0 <= temp_min <= 74.0 @ WASHINGTON on 2026-08-05,2026-08-07T00:28:23Z,no,-72.28,bet
20260804T200520Z077341,2026-08-04T20:05:20Z,KXLOWTDC-26AUG05-T67,KXLOWTDC-26AUG05,2026-08-05,YES,0.0,0.02,0.023712974478410052,0.02,0.003712974478410052,ensemble,temp_min <= 66.0 @ WASHINGTON on 2026-08-05,2026-08-07T00:28:22Z,no,0.0,no_bet
20260804T200520Z231598,2026-08-04T20:05:20Z,KXLOWTDC-26AUG05-B67.5,KXLOWTDC-26AUG05,2026-08-05,YES,0.0,0.02,0.02300512470646555,0.02,0.0030051247064655506,ensemble,67.0 <= temp_min <= 68.0 @ WASHINGTON on 2026-08-05,2026-08-07T00:28:22Z,no,0.0,no_bet
20260804T200520Z866290,2026-08-04T20:05:21Z,KXLOWTMIA-26AUG05-B80.5,KXLOWTMIA-26AUG05,2026-08-05,YES,72.36,0.135,0.26381248542164454,0.135,0.12881248542164453,ensemble,80.0 <= temp_min <= 81.0 @ MIAMI on 2026-08-05,2026-08-07T00:28:23Z,no,-72.23,bet
20260804T200521Z058591,2026-08-04T20:05:21Z,KXLOWTMIA-26AUG05-B76.5,KXLOWTMIA-26AUG05,2026-08-05,NO,72.36,0.315,0.18739057341160623,0.315,-0.12760942658839378,ensemble,76.0 <= temp_min <= 77.0 @ MIAMI on 2026-08-05,2026-08-07T00:28:24Z,no,33.07,bet
20260804T200521Z257360,2026-08-04T20:05:21Z,KXLOWTMIA-26AUG05-B78.5,KXLOWTMIA-26AUG05,2026-08-05,NO,72.36,0.39,0.31794796294810873,0.39,-0.07205203705189128,ensemble,78.0 <= temp_min <= 79.0 @ MIAMI on 2026-08-05,2026-08-07T00:28:24Z,yes,-71.98,bet
20260804T200521Z412409,2026-08-04T20:05:21Z,KXLOWTMIA-26AUG05-B74.5,KXLOWTMIA-26AUG05,2026-08-05,NO,0.0,0.085,0.056161368018642036,0.085,-0.02883863198135797,ensemble,74.0 <= temp_min <= 75.0 @ MIAMI on 2026-08-05,2026-08-07T00:28:22Z,no,0.0,no_bet
20260804T200521Z558669,2026-08-04T20:05:21Z,KXLOWTMIA-26AUG05-T74,KXLOWTMIA-26AUG05,2026-08-05,NO,0.0,0.035,0.01194089042252571,0.035,-0.023059109577474292,ensemble,temp_min <= 73.0 @ MIAMI on 2026-08-05,2026-08-07T00:28:22Z,no,0.0,no_bet
20260804T200521Z949425,2026-08-04T20:05:22Z,KXLOWTPHX-26AUG05-B89.5,KXLOWTPHX-26AUG05,2026-08-05,NO,72.36,0.45499999999999996,0.19846309687361513,0.45499999999999996,-0.25653690312638483,ensemble,89.0 <= temp_min <= 90.0 @ PHOENIX on 2026-08-05,2026-08-07T00:28:24Z,no,60.06,bet
20260804T200522Z149027,2026-08-04T20:05:22Z,KXLOWTPHX-26AUG05-B85.5,KXLOWTPHX-26AUG05,2026-08-05,YES,72.36,0.04,0.17483786837136617,0.04,0.13483786837136616,ensemble,85.0 <= temp_min <= 86.0 @ PHOENIX on 2026-08-05,2026-08-07T00:28:24Z,no,-72.32,bet
20260804T200522Z300547,2026-08-04T20:05:22Z,KXLOWTPHX-26AUG05-B87.5,KXLOWTPHX-26AUG05,2026-08-05,NO,0.0,0.225,0.22054574562546717,0.225,-0.00445425437453284,ensemble,87.0 <= temp_min <= 88.0 @ PHOENIX on 2026-08-05,2026-08-07T00:28:22Z,no,0.0,no_bet
20260804T200522Z692134,2026-08-04T20:05:22Z,KXLOWTDEN-26AUG05-B57.5,KXLOWTDEN-26AUG05,2026-08-05,YES,72.36,0.045,0.23173070120660097,0.045,0.18673070120660096,ensemble,57.0 <= temp_min <= 58.0 @ DENVER on 2026-08-05,2026-08-07T00:28:24Z,no,-72.36,bet
20260804T200522Z886204,2026-08-04T20:05:23Z,KXLOWTDEN-26AUG05-B53.5,KXLOWTDEN-26AUG05,2026-08-05,NO,0.07,0.29500000000000004,0.13538444634176752,0.29500000000000004,-0.15961555365823252,ensemble,53.0 <= temp_min <= 54.0 @ DENVER on 2026-08-05,2026-08-07T00:28:24Z,no,0.0,bet
20260804T200523Z041542,2026-08-04T20:05:23Z,KXLOWTDEN-26AUG05-B55.5,KXLOWTDEN-26AUG05,2026-08-05,YES,0.0,0.175,0.2180380188976142,0.175,0.043038018897614216,ensemble,55.0 <= temp_min <= 56.0 @ DENVER on 2026-08-05,2026-08-07T00:28:22Z,no,0.0,no_bet
20260807T192025Z619609,2026-08-07T19:20:55Z,KXLOWTNYC-26AUG08-B75.5,KXLOWTNYC-26AUG08,2026-08-08,YES,61.34,0.405,0.5830327985736177,0.405,0.17803279857361765,ensemble,75.0 <= temp_min <= 76.0 @ NYC on 2026-08-08,2026-08-09T19:06:13Z,no,-61.16,bet
20260807T192055Z360212,2026-08-07T19:21:25Z,KXLOWTNYC-26AUG08-B73.5,KXLOWTNYC-26AUG08,2026-08-08,NO,0.0,0.38,0.3632621865660135,0.38,-0.016737813433986504,ensemble,73.0 <= temp_min <= 74.0 @ NYC on 2026-08-08,2026-08-09T19:06:13Z,no,0.0,no_bet
20260807T192125Z274027,2026-08-07T19:21:25Z,KXLOWTLAX-26AUG08-B67.5,KXLOWTLAX-26AUG08,2026-08-08,NO,61.34,0.55,0.13083442035831522,0.55,-0.4191655796416848,ensemble,67.0 <= temp_min <= 68.0 @ LOSANGELES on 2026-08-08,2026-08-09T19:06:13Z,yes,-61.20,bet
20260807T192125Z383441,2026-08-07T19:21:25Z,KXLOWTLAX-26AUG08-B65.5,KXLOWTLAX-26AUG08,2026-08-08,NO,61.34,0.135,0.02874450516970362,0.135,-0.1062554948302964,ensemble,65.0 <= temp_min <= 66.0 @ LOSANGELES on 2026-08-08,2026-08-09T19:06:14Z,no,9.45,bet
20260807T192125Z472742,2026-08-07T19:21:25Z,KXLOWTLAX-26AUG08-B63.5,KXLOWTLAX-26AUG08,2026-08-08,NO,0.0,0.03,0.02866805565703149,0.03,-0.0013319443429685093,ensemble,63.0 <= temp_min <= 64.0 @ LOSANGELES on 2026-08-08,2026-08-09T19:06:13Z,no,0.0,no_bet
20260807T192125Z557662,2026-08-07T19:21:25Z,KXLOWTLAX-26AUG08-B61.5,KXLOWTLAX-26AUG08,2026-08-08,YES,0.0,0.015,0.022297274510008926,0.015,0.007297274510008927,ensemble,61.0 <= temp_min <= 62.0 @ LOSANGELES on 2026-08-08,2026-08-09T19:06:13Z,no,0.0,no_bet
20260807T192125Z826343,2026-08-07T19:21:25Z,KXLOWTSFO-26AUG08-B57.5,KXLOWTSFO-26AUG08,2026-08-08,NO,61.34,0.605,0.3322787481047004,0.605,-0.27272125189529955,ensemble,57.0 <= temp_min <= 58.0 @ SANFRANCISCO on 2026-08-08,2026-08-09T19:06:14Z,yes,-61.23,bet
20260807T192125Z939148,2026-08-07T19:21:26Z,KXLOWTSFO-26AUG08-B59.5,KXLOWTSFO-26AUG08,2026-08-08,YES,61.34,0.245,0.4404285692830049,0.245,0.1954285692830049,ensemble,59.0 <= temp_min <= 60.0 @ SANFRANCISCO on 2026-08-08,2026-08-09T19:06:14Z,no,-61.25,bet
20260807T192126Z027769,2026-08-07T19:21:26Z,KXLOWTSFO-26AUG08-B55.5,KXLOWTSFO-26AUG08,2026-08-08,NO,0.0,0.12000000000000001,0.08427015813264911,0.12000000000000001,-0.0357298418673509,ensemble,55.0 <= temp_min <= 56.0 @ SANFRANCISCO on 2026-08-08,2026-08-09T19:06:13Z,no,0.0,no_bet
20260807T192126Z111874,2026-08-07T19:21:26Z,KXLOWTSFO-26AUG08-B53.5,KXLOWTSFO-26AUG08,2026-08-08,NO,0.0,0.025,0.009746870429581259,0.025,-0.015253129570418742,ensemble,53.0 <= temp_min <= 54.0 @ SANFRANCISCO on 2026-08-08,2026-08-09T19:06:13Z,no,0.0,no_bet
20260807T192126Z381487,2026-08-07T19:21:26Z,KXLOWTCHI-26AUG08-B71.5,KXLOWTCHI-26AUG08,2026-08-08,YES,61.34,0.38,0.54235910597727,0.38,0.16235910597727,ensemble,71.0 <= temp_min <= 72.0 @ CHICAGO on 2026-08-08,2026-08-09T19:06:14Z,no,-61.18,bet
20260807T192126Z492099,2026-08-07T19:21:26Z,KXLOWTCHI-26AUG08-B67.5,KXLOWTCHI-26AUG08,2026-08-08,NO,61.34,0.14,0.02267717109618319,0.14,-0.11732282890381682,ensemble,67.0 <= temp_min <= 68.0 @ CHICAGO on 2026-08-08,2026-08-09T19:06:14Z,no,9.94,bet
20260807T192126Z581851,2026-08-07T19:21:26Z,KXLOWTCHI-26AUG08-B69.5,KXLOWTCHI-26AUG08,2026-08-08,NO,0.0,0.325,0.3037617665327529,0.325,-0.021238233467247125,ensemble,69.0 <= temp_min <= 70.0 @ CHICAGO on 2026-08-08,2026-08-09T19:06:13Z,yes,0.0,no_bet
20260807T192126Z665656,2026-08-07T19:21:26Z,KXLOWTCHI-26AUG08-T72,KXLOWTCHI-26AUG08,2026-08-08,YES,0.0,0.055,0.06182840241882875,0.055,0.006828402418828747,ensemble,temp_min >= 73.0 @ CHICAGO on 2026-08-08,2026-08-09T19:06:13Z,no,0.0,no_bet
20260807T192126Z937605,2026-08-07T19:21:27Z,KXLOWTDC-26AUG08-B75.5,KXLOWTDC-26AUG08,2026-08-08,NO,61.34,0.39,0.3008070368997603,0.39,-0.08919296310023972,ensemble,75.0 <= temp_min <= 76.0 @ WASHINGTON on 2026-08-08,2026-08-09T19:06:14Z,no,39.00,bet
20260807T192127Z025769,2026-08-07T19:21:27Z,KXLOWTDC-26AUG08-B73.5,KXLOWTDC-26AUG08,2026-08-08,YES,0.0,0.38,0.3877699501369263,0.38,0.0077699501369262736,ensemble,73.0 <= temp_min <= 74.0 @ WASHINGTON on 2026-08-08,2026-08-09T19:06:13Z,yes,0.0,no_bet
20260807T192127Z286443,2026-08-07T19:21:27Z,KXLOWTBOS-26AUG08-B72.5,KXLOWTBOS-26AUG08,2026-08-08,YES,61.34,0.195,0.3819235354868592,0.195,0.1869235354868592,ensemble,72.0 <= temp_min <= 73.0 @ BOSTON on 2026-08-08,2026-08-09T19:06:14Z,no,-61.23,bet
20260807T192127Z382638,2026-08-07T19:21:27Z,KXLOWTBOS-26AUG08-T66,KXLOWTBOS-26AUG08,2026-08-08,YES,0.0,0.015,0.05131912387119797,0.015,0.03631912387119797,ensemble,temp_min <= 65.0 @ BOSTON on 2026-08-08,2026-08-09T19:06:13Z,no,0.0,no_bet
20260807T192212Z145445,2026-08-07T19:22:34Z,KXLOWTMIA-26AUG08-B79.5,KXLOWTMIA-26AUG08,2026-08-08,NO,61.34,0.395,0.31282499556779525,0.395,-0.08217500443220477,ensemble,79.0 <= temp_min <= 80.0 @ MIAMI on 2026-08-08,2026-08-09T19:06:14Z,no,39.90,bet
20260807T192234Z490008,2026-08-07T19:22:56Z,KXLOWTMIA-26AUG08-B81.5,KXLOWTMIA-26AUG08,2026-08-08,YES,61.34,0.35,0.4213936419405511,0.35,0.07139364194055114,ensemble,81.0 <= temp_min <= 82.0 @ MIAMI on 2026-08-08,2026-08-09T19:06:14Z,yes,113.75,bet
20260807T192256Z812039,2026-08-07T19:23:19Z,KXLOWTMIA-26AUG08-B77.5,KXLOWTMIA-26AUG08,2026-08-08,YES,0.0,0.095,0.11799989243987616,0.095,0.022999892439876157,ensemble,77.0 <= temp_min <= 78.0 @ MIAMI on 2026-08-08,2026-08-09T19:06:13Z,no,0.0,no_bet
20260807T192319Z126315,2026-08-07T19:23:41Z,KXLOWTMIA-26AUG08-B75.5,KXLOWTMIA-26AUG08,2026-08-08,YES,0.0,0.035,0.06327495563312584,0.035,0.028274955633125834,ensemble,75.0 <= temp_min <= 76.0 @ MIAMI on 2026-08-08,2026-08-09T19:06:13Z,no,0.0,no_bet
20260807T192341Z633828,2026-08-07T19:23:41Z,KXLOWTPHX-26AUG08-B90.5,KXLOWTPHX-26AUG08,2026-08-08,NO,61.34,0.485,0.19996971802137312,0.485,-0.2850302819786269,ensemble,90.0 <= temp_min <= 91.0 @ PHOENIX on 2026-08-08,2026-08-09T19:06:14Z,no,57.71,bet
20260807T192341Z762013,2026-08-07T19:23:41Z,KXLOWTPHX-26AUG08-B88.5,KXLOWTPHX-26AUG08,2026-08-08,NO,61.34,0.155,0.0738680166618145,0.155,-0.0811319833381855,ensemble,88.0 <= temp_min <= 89.0 @ PHOENIX on 2026-08-08,2026-08-09T19:06:14Z,no,11.16,bet
20260807T192341Z860892,2026-08-07T19:23:41Z,KXLOWTPHX-26AUG08-T84,KXLOWTPHX-26AUG08,2026-08-08,YES,0.0,0.02,0.05487306112556756,0.02,0.03487306112556755,ensemble,temp_min <= 83.0 @ PHOENIX on 2026-08-08,2026-08-09T19:06:13Z,no,0.0,no_bet
20260807T192341Z956139,2026-08-07T19:23:42Z,KXLOWTPHX-26AUG08-B86.5,KXLOWTPHX-26AUG08,2026-08-08,NO,0.0,0.035,0.027939621740653876,0.035,-0.007060378259346127,ensemble,86.0 <= temp_min <= 87.0 @ PHOENIX on 2026-08-08,2026-08-09T19:06:13Z,no,0.0,no_bet
20260807T192342Z236384,2026-08-07T19:23:42Z,KXLOWTDEN-26AUG08-B66.5,KXLOWTDEN-26AUG08,2026-08-08,NO,61.34,0.335,0.05299272720087211,0.335,-0.2820072727991279,ensemble,66.0 <= temp_min <= 67.0 @ DENVER on 2026-08-08,2026-08-09T19:06:14Z,yes,-61.18,bet
20260807T192342Z361891,2026-08-07T19:23:42Z,KXLOWTDEN-26AUG08-B64.5,KXLOWTDEN-26AUG08,2026-08-08,NO,61.3,0.265,0.028569739667069174,0.265,-0.23643026033293085,ensemble,64.0 <= temp_min <= 65.0 @ DENVER on 2026-08-08,2026-08-09T19:06:14Z,no,22.00,bet
20260807T192342Z489062,2026-08-07T19:23:42Z,KXLOWTDEN-26AUG08-B68.5,KXLOWTDEN-26AUG08,2026-08-08,NO,0.0,0.16999999999999998,0.12438702178733532,0.16999999999999998,-0.04561297821266466,ensemble,68.0 <= temp_min <= 69.0 @ DENVER on 2026-08-08,2026-08-09T19:06:13Z,no,0.0,no_bet
20260807T192342Z582542,2026-08-07T19:23:42Z,KXLOWTDEN-26AUG08-T62,KXLOWTDEN-26AUG08,2026-08-08,YES,0.0,0.04,0.046514158507742216,0.04,0.006514158507742215,ensemble,temp_min <= 61.0 @ DENVER on 2026-08-08,2026-08-09T19:06:13Z,no,0.0,no_bet
20260809T190615Z268883,2026-08-09T19:06:15Z,KXLOWTNYC-26AUG10-B75.5,KXLOWTNYC-26AUG10,2026-08-10,YES,58.83,0.135,0.3178865122236205,0.135,0.1828865122236205,ensemble,75.0 <= temp_min <= 76.0 @ NYC on 2026-08-10,,,,bet
20260809T190615Z496452,2026-08-09T19:06:15Z,KXLOWTNYC-26AUG10-B71.5,KXLOWTNYC-26AUG10,2026-08-10,NO,58.83,0.28500000000000003,0.12307509569914869,0.28500000000000003,-0.16192490430085132,ensemble,71.0 <= temp_min <= 72.0 @ NYC on 2026-08-10,,,,bet
20260809T190615Z717896,2026-08-09T19:06:15Z,KXLOWTNYC-26AUG10-B69.5,KXLOWTNYC-26AUG10,2026-08-10,NO,58.83,0.14,0.025811953053764734,0.14,-0.11418804694623527,ensemble,69.0 <= temp_min <= 70.0 @ NYC on 2026-08-10,,,,bet
20260809T190615Z887081,2026-08-09T19:06:16Z,KXLOWTNYC-26AUG10-B73.5,KXLOWTNYC-26AUG10,2026-08-10,YES,0.0,0.395,0.41414682504197703,0.395,0.01914682504197701,ensemble,73.0 <= temp_min <= 74.0 @ NYC on 2026-08-10,,,,no_bet
20260809T190616Z051534,2026-08-09T19:06:16Z,KXLOWTNYC-26AUG10-T69,KXLOWTNYC-26AUG10,2026-08-10,YES,0.0,0.03,0.0627157844627678,0.03,0.03271578446276781,ensemble,temp_min <= 68.0 @ NYC on 2026-08-10,,,,no_bet
20260809T190616Z212281,2026-08-09T19:06:16Z,KXLOWTNYC-26AUG10-T76,KXLOWTNYC-26AUG10,2026-08-10,YES,0.0,0.025,0.05777952948758154,0.025,0.03277952948758154,ensemble,temp_min >= 77.0 @ NYC on 2026-08-10,,,,no_bet
20260809T190616Z637509,2026-08-09T19:06:16Z,KXLOWTLAX-26AUG10-B67.5,KXLOWTLAX-26AUG10,2026-08-10,NO,58.83,0.485,0.04456697757820163,0.485,-0.4404330224217984,ensemble,67.0 <= temp_min <= 68.0 @ LOSANGELES on 2026-08-10,,,,bet
20260809T190616Z803481,2026-08-09T19:06:16Z,KXLOWTLAX-26AUG10-B63.5,KXLOWTLAX-26AUG10,2026-08-10,YES,0.0,0.015,0.02937577811442934,0.015,0.01437577811442934,ensemble,63.0 <= temp_min <= 64.0 @ LOSANGELES on 2026-08-10,,,,no_bet
20260809T190617Z233446,2026-08-09T19:06:17Z,KXLOWTSFO-26AUG10-B59.5,KXLOWTSFO-26AUG10,2026-08-10,YES,58.83,0.20500000000000002,0.4975366786489996,0.20500000000000002,0.29253667864899957,ensemble,59.0 <= temp_min <= 60.0 @ SANFRANCISCO on 2026-08-10,,,,bet
20260809T190617Z452765,2026-08-09T19:06:17Z,KXLOWTSFO-26AUG10-B57.5,KXLOWTSFO-26AUG10,2026-08-10,NO,58.83,0.615,0.40114932792021496,0.615,-0.21385067207978503,ensemble,57.0 <= temp_min <= 58.0 @ SANFRANCISCO on 2026-08-10,,,,bet
20260809T190617Z674996,2026-08-09T19:06:17Z,KXLOWTSFO-26AUG10-B55.5,KXLOWTSFO-26AUG10,2026-08-10,NO,58.83,0.13,0.054375045857334305,0.13,-0.0756249541426657,ensemble,55.0 <= temp_min <= 56.0 @ SANFRANCISCO on 2026-08-10,,,,bet
20260809T190617Z841335,2026-08-09T19:06:18Z,KXLOWTSFO-26AUG10-T60,KXLOWTSFO-26AUG10,2026-08-10,YES,0.0,0.025,0.039848670146980465,0.025,0.014848670146980464,ensemble,temp_min >= 61.0 @ SANFRANCISCO on 2026-08-10,,,,no_bet
20260809T190618Z008856,2026-08-09T19:06:18Z,KXLOWTSFO-26AUG10-B53.5,KXLOWTSFO-26AUG10,2026-08-10,NO,0.0,0.03,0.006736352185112807,0.03,-0.02326364781488719,ensemble,53.0 <= temp_min <= 54.0 @ SANFRANCISCO on 2026-08-10,,,,no_bet
20260809T190618Z166632,2026-08-09T19:06:18Z,KXLOWTSFO-26AUG10-T53,KXLOWTSFO-26AUG10,2026-08-10,NO,0.0,0.03,0.0017696252102181727,0.03,-0.028230374789781826,ensemble,temp_min <= 52.0 @ SANFRANCISCO on 2026-08-10,,,,no_bet
20260809T190618Z592236,2026-08-09T19:06:51Z,KXLOWTCHI-26AUG10-B70.5,KXLOWTCHI-26AUG10,2026-08-10,YES,58.83,0.365,0.6093642494648774,0.365,0.24436424946487745,ensemble,70.0 <= temp_min <= 71.0 @ CHICAGO on 2026-08-10,,,,bet
20260809T190651Z794124,2026-08-09T19:06:51Z,KXLOWTCHI-26AUG10-B72.5,KXLOWTCHI-26AUG10,2026-08-10,NO,58.83,0.365,0.17852420271729735,0.365,-0.18647579728270264,ensemble,72.0 <= temp_min <= 73.0 @ CHICAGO on 2026-08-10,,,,bet
20260809T190651Z968866,2026-08-09T19:06:52Z,KXLOWTCHI-26AUG10-B68.5,KXLOWTCHI-26AUG10,2026-08-10,NO,0.0,0.155,0.1248739420778032,0.155,-0.030126057922196803,ensemble,68.0 <= temp_min <= 69.0 @ CHICAGO on 2026-08-10,,,,no_bet
20260809T190652Z128876,2026-08-09T19:06:52Z,KXLOWTCHI-26AUG10-T66,KXLOWTCHI-26AUG10,2026-08-10,YES,0.0,0.025,0.06476838851460517,0.025,0.03976838851460517,ensemble,temp_min <= 65.0 @ CHICAGO on 2026-08-10,,,,no_bet
20260809T190652Z559518,2026-08-09T19:06:52Z,KXLOWTDC-26AUG10-B76.5,KXLOWTDC-26AUG10,2026-08-10,YES,58.83,0.45499999999999996,0.544929100128541,0.45499999999999996,0.08992910012854105,ensemble,76.0 <= temp_min <= 77.0 @ WASHINGTON on 2026-08-10,,,,bet
20260809T190652Z784929,2026-08-09T19:06:52Z,KXLOWTDC-26AUG10-B72.5,KXLOWTDC-26AUG10,2026-08-10,NO,58.83,0.09,0.02718129387709338,0.09,-0.06281870612290662,ensemble,72.0 <= temp_min <= 73.0 @ WASHINGTON on 2026-08-10,,,,bet
20260809T190652Z959064,2026-08-09T19:06:53Z,KXLOWTDC-26AUG10-B74.5,KXLOWTDC-26AUG10,2026-08-10,NO,0.0,0.33499999999999996,0.2976305873464552,0.33499999999999996,-0.037369412653544765,ensemble,74.0 <= temp_min <= 75.0 @ WASHINGTON on 2026-08-10,,,,no_bet
20260809T190653Z119318,2026-08-09T19:06:53Z,KXLOWTDC-26AUG10-T70,KXLOWTDC-26AUG10,2026-08-10,YES,0.0,0.030000000000000002,0.05627407381155048,0.030000000000000002,0.026274073811550478,ensemble,temp_min <= 69.0 @ WASHINGTON on 2026-08-10,,,,no_bet
20260809T190653Z554977,2026-08-09T19:06:53Z,KXLOWTBOS-26AUG10-B66.5,KXLOWTBOS-26AUG10,2026-08-10,NO,58.83,0.095,0.033714767531290456,0.095,-0.061285232468709545,ensemble,66.0 <= temp_min <= 67.0 @ BOSTON on 2026-08-10,,,,bet
20260809T190653Z721636,2026-08-09T19:06:53Z,KXLOWTBOS-26AUG10-T67,KXLOWTBOS-26AUG10,2026-08-10,YES,0.0,0.895,0.9138817339196614,0.895,0.018881733919661414,ensemble,temp_min >= 68.0 @ BOSTON on 2026-08-10,,,,no_bet
20260809T190654Z157253,2026-08-09T19:06:54Z,KXLOWTMIA-26AUG10-B80.5,KXLOWTMIA-26AUG10,2026-08-10,NO,58.83,0.385,0.18404983031680697,0.385,-0.20095016968319304,ensemble,80.0 <= temp_min <= 81.0 @ MIAMI on 2026-08-10,,,,bet
20260809T190654Z324054,2026-08-09T19:06:54Z,KXLOWTMIA-26AUG10-B82.5,KXLOWTMIA-26AUG10,2026-08-10,YES,0.0,0.37,0.3911738607673957,0.37,0.02117386076739569,ensemble,82.0 <= temp_min <= 83.0 @ MIAMI on 2026-08-10,,,,no_bet
20260809T190654Z752864,2026-08-09T19:06:54Z,KXLOWTPHX-26AUG10-B89.5,KXLOWTPHX-26AUG10,2026-08-10,NO,58.83,0.475,0.19235807254248286,0.475,-0.28264192745751715,ensemble,89.0 <= temp_min <= 90.0 @ PHOENIX on 2026-08-10,,,,bet
20260809T190654Z980329,2026-08-09T19:06:55Z,KXLOWTPHX-26AUG10-B85.5,KXLOWTPHX-26AUG10,2026-08-10,YES,58.78,0.065,0.17214893598017622,0.065,0.10714893598017622,ensemble,85.0 <= temp_min <= 86.0 @ PHOENIX on 2026-08-10,,,,bet
